title_key,author_key,title,author,genre,first_year,last_year,appear_count,avg_rating,avg_reviews,max_reviews,avg_price,title_length,title_word_count,has_colon,has_number,duration,is_multi_year_bestseller,is_long_seller,has_reentry
the 5 love languages the secret to love that lasts,gary chapman,The 5 Love Languages: The Secret to Love That Lasts,Gary Chapman,Non Fiction,2010,2022,13,4.7615384615384615,25580.23076923077,62463.0,15.692307692307692,51,10,1,1,13,1,1,0
the very hungry caterpillar,eric carle,The Very Hungry Caterpillar,Eric Carle,Fiction,2013,2022,10,4.9,27860.2,47260.0,5.0,27,4,0,0,10,1,1,0
publication manual of the american psychological association 6th edition,american psychological association,"Publication Manual of the American Psychological Association, 6th Edition",American Psychological Association,Non Fiction,2009,2018,10,4.5,8580.0,8580.0,46.0,73,9,0,1,10,1,1,0
the four agreements a practical guide to personal freedom a toltec wisdom book,don miguel ruiz,The Four Agreements: A Practical Guide to Personal Freedom (A Toltec Wisdom Book),Don Miguel Ruiz,Non Fiction,2013,2022,9,4.7,40804.666666666664,75798.0,6.666666666666667,81,13,1,0,10,1,1,1
oh the places youll go,dr seuss,"Oh, the Places You'll Go!",Dr. Seuss,Fiction,2012,2021,9,4.9,23328.777777777777,35287.0,8.11111111111111,25,5,0,0,10,1,1,1
strengthsfinder 20,gallup,StrengthsFinder 2.0,Gallup,Non Fiction,2009,2017,9,4.0,5069.0,5069.0,17.0,19,2,0,1,9,1,1,0
how to win friends influence people,dale carnegie,How to Win Friends & Influence People,Dale Carnegie,Non Fiction,2014,2022,7,4.7,35367.28571428572,61283.0,11.0,37,7,0,0,9,1,1,1
the 7 habits of highly effective people powerful lessons in personal change,stephen r covey,The 7 Habits of Highly Effective People: Powerful Lessons in Personal Change,Stephen R. Covey,Non Fiction,2009,2017,7,4.642857142857143,7353.571428571428,9325.0,20.571428571428573,76,12,1,1,9,1,1,1
the wonderful things you will be,emily winfield martin,The Wonderful Things You Will Be,Emily Winfield Martin,Fiction,2016,2022,6,4.9,12868.0,20920.0,9.666666666666666,32,6,0,0,7,1,1,1
jesus calling enjoying peace in his presence with scripture references,sarah young,Jesus Calling: Enjoying Peace in His Presence (with Scripture References),Sarah Young,Non Fiction,2011,2016,6,4.9,19576.0,19576.0,8.0,73,10,1,0,6,1,1,0
giraffes cant dance,giles andreae,Giraffes Can't Dance,Giles Andreae,Fiction,2015,2020,6,4.8,16318.666666666666,27722.0,4.333333333333333,20,3,0,0,6,1,1,0
to kill a mockingbird,harper lee,To Kill a Mockingbird,Harper Lee,Fiction,2013,2019,5,4.8,26234.0,26234.0,1.4,21,4,0,0,7,1,1,1
if animals kissed good night,ann whitford paul,If Animals Kissed Good Night,Ann Whitford Paul,Fiction,2017,2022,5,4.8,44852.2,63659.0,4.0,28,5,0,0,6,1,1,1
the subtle art of not giving a fck a counterintuitive approach to living a good life,mark manson,The Subtle Art of Not Giving a F*ck: A Counterintuitive Approach to Living a Good Life,Mark Manson,Non Fiction,2017,2022,5,4.6,41523.2,64073.0,14.6,86,16,1,0,6,1,1,1
brown bear brown bear what do you see,bill martin jr,"Brown Bear, Brown Bear, What Do You See?",Bill Martin Jr.,Fiction,2017,2022,5,4.9,29119.0,38969.0,5.0,40,8,0,0,6,1,1,1
wonder,r j palacio,Wonder,R. J. Palacio,Fiction,2013,2017,5,4.8,21625.0,21625.0,9.0,6,1,0,0,5,1,1,0
first 100 words,roger priddy,First 100 Words,Roger Priddy,Non Fiction,2014,2018,5,4.7,17323.0,17323.0,4.0,15,3,0,1,5,1,1,0
laughoutloud jokes for kids,rob elliott,Laugh-Out-Loud Jokes for Kids,Rob Elliott,Non Fiction,2013,2017,5,4.6,6990.0,6990.0,4.0,29,4,0,0,5,1,1,0
the five dysfunctions of a team a leadership fable,patrick lencioni,The Five Dysfunctions of a Team: A Leadership Fable,Patrick Lencioni,Non Fiction,2009,2013,5,4.6,3207.0,3207.0,6.0,51,9,1,0,5,1,1,0
the official sat study guide,the college board,The Official SAT Study Guide,The College Board,Non Fiction,2010,2014,5,4.4,1201.0,1201.0,40.0,28,5,0,0,5,1,1,0
unbroken a world war ii story of survival resilience and redemption,laura hillenbrand,"Unbroken: A World War II Story of Survival, Resilience, and Redemption",Laura Hillenbrand,Non Fiction,2010,2014,4,4.8,29673.0,29673.0,15.625,70,11,1,0,5,1,1,1
the lifechanging magic of tidying up the japanese art of decluttering and organizing,marie kond,The Life-Changing Magic of Tidying Up: The Japanese Art of Decluttering and Organizing,Marie Kondō,Non Fiction,2015,2019,4,4.5,22641.0,22641.0,11.0,86,13,1,0,5,1,1,1
the body keeps the score brain mind and body in the healing of trauma,bessel van der kolk md,"The Body Keeps the Score: Brain, Mind, and Body in the Healing of Trauma",Bessel van der Kolk M.D.,Non Fiction,2019,2022,4,4.8,36571.75,44642.0,11.25,72,14,1,0,4,1,1,0
you are a badass how to stop doubting your greatness and start living an awesome life,jen sincero,You Are a Badass: How to Stop Doubting Your Greatness and Start Living an Awesome Life,Jen Sincero,Non Fiction,2016,2019,4,4.7,14331.0,14331.0,8.0,86,16,1,0,4,1,1,0
thug kitchen the official cookbook eat like you give a fck thug kitchen cookbooks,thug kitchen,Thug Kitchen: The Official Cookbook: Eat Like You Give a F*ck (Thug Kitchen Cookbooks),Thug Kitchen,Non Fiction,2014,2017,4,4.6,11128.0,11128.0,23.0,86,14,1,0,4,1,1,0
dear zoo a lifttheflap book,rod campbell,Dear Zoo: A Lift-the-Flap Book,Rod Campbell,Fiction,2015,2018,4,4.8,10922.0,10922.0,5.0,30,5,1,0,4,1,1,0
good to great why some companies make the leap and others dont,jim collins,Good to Great: Why Some Companies Make the Leap and Others Don't,Jim Collins,Non Fiction,2009,2012,4,4.5,3457.0,3457.0,14.0,64,12,1,0,4,1,1,0
where the crawdads sing,delia owens,Where the Crawdads Sing,Delia Owens,Fiction,2019,2022,3,4.8,168557.66666666666,208917.0,12.333333333333334,23,4,0,0,4,1,1,1
the boy the mole the fox and the horse,charlie mackesy,"The Boy, the Mole, the Fox and the Horse",Charlie Mackesy,Fiction,2020,2022,3,4.8,93749.0,93749.0,10.0,40,9,0,0,3,1,1,0
becoming,michelle obama,Becoming,Michelle Obama,Non Fiction,2018,2020,3,4.8,80344.33333333333,118767.0,14.333333333333334,8,1,0,0,3,1,1,0
atomic habits an easy proven way to build good habits break bad ones,james clear,Atomic Habits: An Easy & Proven Way to Build Good Habits & Break Bad Ones,James Clear,Non Fiction,2020,2022,3,4.8,73215.66666666667,73216.0,12.0,73,15,1,0,3,1,1,0
my first learntowrite workbook practice for kids with pen control line tracing letters and more,crystal radke,"My First Learn-to-Write Workbook: Practice for Kids with Pen Control, Line Tracing, Letters, and More!",Crystal Radke,Non Fiction,2020,2022,3,4.8,69801.0,69801.0,5.0,102,15,1,0,3,1,1,0
school zone big preschool workbook 320 pages ages 3 to 5 colors shapes numbers early math alphabet prewriting phonics following directions and more school zone big workbook series,school zone,"School Zone - Big Preschool Workbook - 320 Pages, Ages 3 to 5, Colors, Shapes, Numbers, Early Math, Alphabet, Pre-Writing, Phonics, Following Directions, and More (School Zone Big Workbook Series)",School Zone,Non Fiction,2020,2022,3,4.8,60501.0,60501.0,6.0,196,30,0,1,3,1,1,0
gone girl,gillian flynn,Gone Girl,Gillian Flynn,Fiction,2012,2014,3,4.0,57271.0,57271.0,9.666666666666666,9,2,0,0,3,1,1,0
i love you to the moon and back,amelia hepworth,I Love You to the Moon and Back,Amelia Hepworth,Fiction,2020,2022,3,4.9,51188.0,51188.0,4.0,31,8,0,0,3,1,1,0
the fault in our stars,john green,The Fault in Our Stars,John Green,Fiction,2012,2014,3,4.7,50482.0,50482.0,12.0,22,5,0,0,3,1,1,0
the wonky donkey,craig smith,The Wonky Donkey,Craig Smith,Fiction,2018,2020,3,4.8,42821.666666666664,68099.0,4.333333333333333,16,3,0,0,3,1,1,0
educated a memoir,tara westover,Educated: A Memoir,Tara Westover,Non Fiction,2018,2020,3,4.7,39507.333333333336,61064.0,14.333333333333334,18,3,1,0,3,1,1,0
mockingjay the hunger games,suzanne collins,Mockingjay (The Hunger Games),Suzanne Collins,Fiction,2010,2012,3,4.5,26741.0,26741.0,8.0,29,4,0,0,3,1,1,0
i am confident brave beautiful a coloring book for girls,hopscotch girls,"I Am Confident, Brave & Beautiful: A Coloring Book for Girls",Hopscotch Girls,Non Fiction,2019,2021,3,4.8,23187.666666666668,29913.0,7.0,60,11,1,0,3,1,1,0
catching fire the hunger games,suzanne collins,Catching Fire (The Hunger Games),Suzanne Collins,Fiction,2010,2012,3,4.7,22614.0,22614.0,11.0,32,5,0,0,3,1,1,0
milk and honey,rupi kaur,Milk and Honey,Rupi Kaur,Non Fiction,2016,2018,3,4.7,17739.0,17739.0,8.0,14,3,0,0,3,1,1,0
players handbook dungeons dragons,wizards rpg team,Player's Handbook (Dungeons & Dragons),Wizards RPG Team,Fiction,2017,2019,3,4.8,16990.0,16990.0,27.0,38,5,0,0,3,1,1,0
the help,kathryn stockett,The Help,Kathryn Stockett,Fiction,2009,2011,3,4.8,13871.0,13871.0,6.5,8,2,0,0,3,1,1,0
the great gatsby,f scott fitzgerald,The Great Gatsby,F. Scott Fitzgerald,Fiction,2012,2014,3,4.4,11616.0,11616.0,7.0,16,3,0,0,3,1,1,0
the immortal life of henrietta lacks,rebecca skloot,The Immortal Life of Henrietta Lacks,Rebecca Skloot,Non Fiction,2010,2012,3,4.7,9289.0,9289.0,10.333333333333334,36,6,0,0,3,1,1,0
the day the crayons quit,drew daywalt,The Day the Crayons Quit,Drew Daywalt,Fiction,2013,2015,3,4.8,8922.0,8922.0,9.0,24,5,0,0,3,1,1,0
goodnight moon,margaret wise brown,Goodnight Moon,Margaret Wise Brown,Fiction,2017,2019,3,4.8,8837.0,8837.0,5.0,14,2,0,0,3,1,1,0
the whole30 the 30day guide to total health and food freedom,melissa hartwig urban,The Whole30: The 30-Day Guide to Total Health and Food Freedom,Melissa Hartwig Urban,Non Fiction,2015,2017,3,4.6,7508.0,7508.0,16.0,62,11,1,1,3,1,1,0
game of thrones boxed set a game of thronesa clash of kingsa storm of swordsa feast for crows,george rr martin,Game of Thrones Boxed Set: A Game of Thrones/A Clash of Kings/A Storm of Swords/A Feast for Crows,George R.R. Martin,Fiction,2011,2013,3,4.6,5594.0,5594.0,5.0,97,18,1,0,3,1,1,0
mindset the new psychology of success,carol s dweck,Mindset: The New Psychology of Success,Carol S. Dweck,Non Fiction,2014,2016,3,4.6,5542.0,5542.0,10.0,38,6,1,0,3,1,1,0
knockknock jokes for kids,rob elliott,Knock-Knock Jokes for Kids,Rob Elliott,Non Fiction,2013,2015,3,4.5,3673.0,3673.0,4.0,26,4,0,0,3,1,1,0
crazy love overwhelmed by a relentless god,francis chan,Crazy Love: Overwhelmed by a Relentless God,Francis Chan,Non Fiction,2009,2011,3,4.7,1542.0,1542.0,14.0,43,7,1,0,3,1,1,0
what to expect when youre expecting,heidi murkoff,What to Expect When You're Expecting,Heidi Murkoff,Non Fiction,2011,2022,2,4.6,15196.5,27052.0,11.0,36,6,0,0,12,1,0,1
the shack where tragedy confronts eternity,william p young,The Shack: Where Tragedy Confronts Eternity,William P. Young,Fiction,2009,2017,2,4.6,19720.0,19720.0,8.0,43,6,1,0,9,1,0,1
fahrenheit 451,ray bradbury,Fahrenheit 451,Ray Bradbury,Fiction,2016,2018,2,4.6,10721.0,10721.0,8.0,14,2,0,1,3,1,0,1
the midnight library a novel,matt haig,The Midnight Library: A Novel,Matt Haig,Fiction,2021,2022,2,4.3,144313.5,144314.0,13.0,29,5,1,0,2,1,0,0
the girl on the train,paula hawkins,The Girl on the Train,Paula Hawkins,Fiction,2015,2016,2,4.1,79446.0,79446.0,12.5,21,5,0,0,2,1,0,0
the last thing he told me a novel,laura dave,The Last Thing He Told Me: A Novel,Laura Dave,Fiction,2021,2022,2,4.3,77903.0,77903.0,14.0,34,8,1,0,2,1,0,0
it ends with us a novel 1,colleen hoover,It Ends with Us: A Novel (1),Colleen Hoover,Fiction,2021,2022,2,4.7,76136.0,76137.0,11.0,28,7,1,1,2,1,0,0
the alchemist 25th anniversary a fable about following your dream,paulo coelho,"The Alchemist, 25th Anniversary: A Fable About Following Your Dream",Paulo Coelho,Fiction,2021,2022,2,4.7,71252.0,71252.0,9.0,67,10,1,1,2,1,0,0
rich dad poor dad what the rich teach their kids about money that the poor and middle class do not,robert t kiyosaki,Rich Dad Poor Dad: What the Rich Teach Their Kids About Money That the Poor and Middle Class Do Not!,Robert T. Kiyosaki,Non Fiction,2021,2022,2,4.7,71078.0,71078.0,10.0,100,20,1,0,2,1,0,0
the silent patient,alex michaelides,The Silent Patient,Alex Michaelides,Fiction,2019,2020,2,4.5,65040.0,102544.0,17.0,18,3,0,0,2,1,0,0
the seven husbands of evelyn hugo a novel,taylor jenkins reid,The Seven Husbands of Evelyn Hugo: A Novel,Taylor Jenkins Reid,Fiction,2021,2022,2,4.6,60969.0,60969.0,9.0,42,8,1,0,2,1,0,0
greenlights,matthew mcconaughey,Greenlights,Matthew McConaughey,Non Fiction,2020,2021,2,4.7,52217.0,52217.0,16.0,11,1,0,0,2,1,0,0
untamed,glennon doyle,Untamed,Glennon Doyle,Non Fiction,2020,2021,2,4.6,49978.0,49978.0,16.0,7,1,0,0,2,1,0,0
the nightingale a novel,kristin hannah,The Nightingale: A Novel,Kristin Hannah,Fiction,2015,2016,2,4.8,49288.0,49288.0,11.0,24,4,1,0,2,1,0,0
fifty shades of grey book one of the fifty shades trilogy fifty shades of grey series,e l james,Fifty Shades of Grey: Book One of the Fifty Shades Trilogy (Fifty Shades of Grey Series),E L James,Fiction,2012,2013,2,3.8,47265.0,47265.0,14.0,88,16,1,0,2,1,0,0
the 48 laws of power,robert greene,The 48 Laws of Power,Robert Greene,Non Fiction,2021,2022,2,4.7,38568.0,38568.0,12.0,20,5,0,1,2,1,0,0
caste oprahs book club the origins of our discontents,isabel wilkerson,Caste (Oprah's Book Club): The Origins of Our Discontents,Isabel Wilkerson,Non Fiction,2020,2021,2,4.8,38318.5,38319.0,15.0,57,9,1,0,2,1,0,0
all the light we cannot see,anthony doerr,All the Light We Cannot See,Anthony Doerr,Fiction,2014,2015,2,4.6,36348.0,36348.0,14.0,27,6,0,0,2,1,0,0
the goldfinch a novel pulitzer prize for fiction,donna tartt,The Goldfinch: A Novel (Pulitzer Prize for Fiction),Donna Tartt,Fiction,2013,2014,2,3.9,33844.0,33844.0,20.0,51,8,1,0,2,1,0,0
the hunger games book 1,suzanne collins,The Hunger Games (Book 1),Suzanne Collins,Fiction,2011,2012,2,4.7,32122.0,32122.0,8.0,25,5,0,1,2,1,0,0
divergent,veronica roth,Divergent,Veronica Roth,Fiction,2013,2014,2,4.6,27098.0,27098.0,15.0,9,1,0,0,2,1,0,0
how to catch a mermaid,adam wallace,How to Catch a Mermaid,Adam Wallace,Fiction,2020,2021,2,4.8,26660.0,26660.0,5.0,22,5,0,0,2,1,0,0
a man called ove a novel,fredrik backman,A Man Called Ove: A Novel,Fredrik Backman,Fiction,2016,2017,2,4.6,23848.0,23848.0,8.0,25,6,1,0,2,1,0,0
the boys in the boat nine americans and their epic quest for gold at the 1936 berlin olympics,daniel james brown,The Boys in the Boat: Nine Americans and Their Epic Quest for Gold at the 1936 Berlin Olympics,Daniel James Brown,Non Fiction,2014,2015,2,4.8,23358.0,23358.0,12.0,94,18,1,1,2,1,0,0
the book thief,markus zusak,The Book Thief,Markus Zusak,Fiction,2013,2014,2,4.6,23148.0,23148.0,6.0,14,3,0,0,2,1,0,0
burn after writing pink,sharon jones,Burn After Writing (Pink),Sharon Jones,Non Fiction,2021,2022,2,4.6,23145.5,23146.0,7.0,25,4,0,0,2,1,0,0
school zone big preschool workbook ages 4 and up colors shapes numbers 110 alphabet prewriting prereading,school zone,"School Zone - Big Preschool Workbook - Ages 4 and Up, Colors, Shapes, Numbers 1-10, Alphabet, Pre-Writing, Pre-Reading…",School Zone,Non Fiction,2018,2019,2,4.8,23047.0,23047.0,6.0,119,18,0,1,2,1,0,0
ready player one a novel,ernest cline,Ready Player One: A Novel,Ernest Cline,Fiction,2017,2018,2,4.6,22536.0,22536.0,12.0,25,5,1,0,2,1,0,0
girl wash your face stop believing the lies about who you are so you can become who you were meant to be,rachel hollis,"Girl, Wash Your Face: Stop Believing the Lies About Who You Are So You Can Become Who You Were Meant to Be",Rachel Hollis,Non Fiction,2018,2019,2,4.6,22288.0,22288.0,12.0,106,22,1,0,2,1,0,0
paint by sticker kids zoo animals create 10 pictures one sticker at a time,workman publishing,Paint by Sticker Kids: Zoo Animals: Create 10 Pictures One Sticker at a Time!,Workman Publishing,Non Fiction,2020,2021,2,4.8,20182.0,20182.0,8.0,77,14,1,1,2,1,0,0
love you forever,robert munsch,Love You Forever,Robert Munsch,Fiction,2014,2015,2,4.8,18613.0,18613.0,5.0,16,3,0,0,2,1,0,0
the hunger games trilogy boxed set 1,suzanne collins,The Hunger Games Trilogy Boxed Set (1),Suzanne Collins,Fiction,2011,2012,2,4.8,16949.0,16949.0,30.0,38,7,0,1,2,1,0,0
heaven is for real a little boys astounding story of his trip to heaven and back,todd burpo,Heaven is for Real: A Little Boy's Astounding Story of His Trip to Heaven and Back,Todd Burpo,Non Fiction,2011,2012,2,4.7,15779.0,15779.0,10.0,82,16,1,0,2,1,0,0
hillbilly elegy a memoir of a family and culture in crisis,j d vance,Hillbilly Elegy: A Memoir of a Family and Culture in Crisis,J. D. Vance,Non Fiction,2016,2017,2,4.4,15526.0,15526.0,14.0,59,11,1,0,2,1,0,0
the real anthony fauci bill gates big pharma and the global war on democracy and public health childrens health defense,robert f kennedy jr,"The Real Anthony Fauci: Bill Gates, Big Pharma, and the Global War on Democracy and Public Health (Children’s Health Defense)",Robert F. Kennedy Jr.,Non Fiction,2021,2022,2,4.8,14575.0,14575.0,20.0,125,20,1,0,2,1,0,0
what should danny do the power to choose series,adir levy,What Should Danny Do? (The Power to Choose Series),Adir Levy,Fiction,2019,2020,2,4.8,14544.0,20918.0,13.5,50,9,0,0,2,1,0,0
proof of heaven a neurosurgeons journey into the afterlife,eben alexander,Proof of Heaven: A Neurosurgeon's Journey into the Afterlife,Eben Alexander,Non Fiction,2012,2013,2,4.3,13616.0,13616.0,10.0,60,9,1,0,2,1,0,0
the complete ketogenic diet for beginners your essential guide to living the keto lifestyle,amy ramos,The Complete Ketogenic Diet for Beginners: Your Essential Guide to Living the Keto Lifestyle,Amy Ramos,Non Fiction,2018,2019,2,4.3,13061.0,13061.0,6.0,92,14,1,0,2,1,0,0
the art of racing in the rain a novel,garth stein,The Art of Racing in the Rain: A Novel,Garth Stein,Fiction,2010,2011,2,4.7,11813.0,11813.0,10.0,38,9,1,0,2,1,0,0
thinking fast and slow,daniel kahneman,"Thinking, Fast and Slow",Daniel Kahneman,Non Fiction,2011,2012,2,4.6,11034.0,11034.0,19.0,23,4,0,0,2,1,0,0
p is for potty sesame street lifttheflap,naomi kleinberg,P is for Potty! (Sesame Street) (Lift-the-Flap),Naomi Kleinberg,Non Fiction,2018,2019,2,4.7,10820.0,10820.0,5.0,47,7,0,0,2,1,0,0
the girl with the dragon tattoo millennium series,stieg larsson,The Girl with the Dragon Tattoo (Millennium Series),Stieg Larsson,Fiction,2009,2010,2,4.4,10559.0,10559.0,2.0,51,8,0,0,2,1,0,0
outliers the story of success,malcolm gladwell,Outliers: The Story of Success,Malcolm Gladwell,Non Fiction,2009,2010,2,4.6,10426.0,10426.0,20.0,30,5,1,0,2,1,0,0
between the world and me,tanehisi coates,Between the World and Me,Ta-Nehisi Coates,Non Fiction,2015,2016,2,4.7,10070.0,10070.0,13.0,24,5,0,0,2,1,0,0
quiet the power of introverts in a world that cant stop talking,susan cain,Quiet: The Power of Introverts in a World That Can't Stop Talking,Susan Cain,Non Fiction,2012,2013,2,4.6,10009.0,10009.0,13.5,65,12,1,0,2,1,0,0
the poutpout fish,deborah diesen,The Pout-Pout Fish,Deborah Diesen,Fiction,2017,2018,2,4.8,9784.0,9784.0,5.0,18,3,0,0,2,1,0,0
killing lincoln the shocking assassination that changed america forever bill oreillys killing series,bill oreilly,Killing Lincoln: The Shocking Assassination that Changed America Forever (Bill O'Reilly's Killing Series),Bill O'Reilly,Non Fiction,2011,2012,2,4.7,9342.0,9342.0,10.0,105,13,1,0,2,1,0,0
the book with no pictures,b j novak,The Book with No Pictures,B. J. Novak,Fiction,2014,2015,2,4.8,8081.0,8081.0,8.0,25,5,0,0,2,1,0,0
steve jobs,walter isaacson,Steve Jobs,Walter Isaacson,Non Fiction,2011,2012,2,4.6,7827.0,7827.0,20.0,10,2,0,0,2,1,0,0
salt fat acid heat mastering the elements of good cooking,samin nosrat,"Salt, Fat, Acid, Heat: Mastering the Elements of Good Cooking",Samin Nosrat,Non Fiction,2018,2019,2,4.8,7802.0,7802.0,20.0,61,10,1,0,2,1,0,0
the girl who kicked the hornets nest millennium trilogy,stieg larsson,The Girl Who Kicked the Hornet's Nest (Millennium Trilogy),Stieg Larsson,Fiction,2010,2011,2,4.7,7747.0,7747.0,14.0,58,9,0,0,2,1,0,0
atlas of the heart mapping meaningful connection and the language of human experience,bren brown,Atlas of the Heart: Mapping Meaningful Connection and the Language of Human Experience,Brené Brown,Non Fiction,2021,2022,2,4.8,7556.0,7556.0,18.0,86,13,1,0,2,1,0,0
wheat belly lose the wheat lose the weight and find your path back to health,william davis,"Wheat Belly: Lose the Wheat, Lose the Weight, and Find Your Path Back to Health",William Davis,Non Fiction,2012,2013,2,4.4,7497.0,7497.0,6.0,79,15,1,0,2,1,0,0
instant pot pressure cooker cookbook 500 everyday recipes for beginners and advanced users try easy and healthy,jennifer smith,Instant Pot Pressure Cooker Cookbook: 500 Everyday Recipes for Beginners and Advanced Users. Try Easy and Healthy…,Jennifer Smith,Non Fiction,2018,2019,2,4.4,7396.0,7396.0,13.0,114,17,1,1,2,1,0,0
the instant pot electric pressure cooker cookbook easy recipes for fast healthy meals,laurel randolph,The Instant Pot Electric Pressure Cooker Cookbook: Easy Recipes for Fast & Healthy Meals,Laurel Randolph,Non Fiction,2017,2018,2,4.3,7368.0,7368.0,7.0,88,14,1,0,2,1,0,0
dog man brawl of the wild from the creator of captain underpants dog man 6,dav pilkey,Dog Man: Brawl of the Wild: From the Creator of Captain Underpants (Dog Man #6),Dav Pilkey,Fiction,2018,2019,2,4.9,7235.0,7235.0,4.0,79,15,1,1,2,1,0,0
goodnight goodnight construction site hardcover books for toddlers preschool books for kids,sherri duskey rinker,"Goodnight, Goodnight Construction Site (Hardcover Books for Toddlers, Preschool Books for Kids)",Sherri Duskey Rinker,Fiction,2012,2013,2,4.9,7038.0,7038.0,7.0,95,12,0,0,2,1,0,0
diagnostic and statistical manual of mental disorders 5th edition dsm5,american psychiatric association,"Diagnostic and Statistical Manual of Mental Disorders, 5th Edition: DSM-5",American Psychiatric Association,Non Fiction,2013,2014,2,4.5,6679.0,6679.0,105.0,73,10,1,1,2,1,0,0
eat to live the amazing nutrientrich program for fast and sustained weight loss revised edition,joel fuhrman md,"Eat to Live: The Amazing Nutrient-Rich Program for Fast and Sustained Weight Loss, Revised Edition",Joel Fuhrman MD,Non Fiction,2011,2012,2,4.5,6346.0,6346.0,9.0,98,15,1,0,2,1,0,0
the goingtobed book,sandra boynton,The Going-To-Bed Book,Sandra Boynton,Fiction,2016,2017,2,4.8,5249.0,5249.0,5.0,21,3,0,0,2,1,0,0
cutting for stone,abraham verghese,Cutting for Stone,Abraham Verghese,Fiction,2010,2011,2,4.6,4866.0,4866.0,11.0,17,3,0,0,2,1,0,0
the last olympian percy jackson and the olympians book 5,rick riordan,"The Last Olympian (Percy Jackson and the Olympians, Book 5)",Rick Riordan,Fiction,2009,2010,2,4.8,4628.0,4628.0,7.0,59,10,0,1,2,1,0,0
the lego ideas book unlock your imagination,daniel lipkowitz,The Lego Ideas Book: Unlock Your Imagination,Daniel Lipkowitz,Non Fiction,2011,2012,2,4.4,4247.0,4247.0,13.0,44,7,1,0,2,1,0,0
humans of new york,brandon stanton,Humans of New York,Brandon Stanton,Non Fiction,2013,2014,2,4.8,3490.0,3490.0,15.0,18,4,0,0,2,1,0,0
three cups of tea one mans mission to promote peace one school at a time,greg mortenson,Three Cups of Tea: One Man's Mission to Promote Peace - One School at a Time,Greg Mortenson,Non Fiction,2009,2010,2,4.3,3319.0,3319.0,11.0,76,16,1,0,2,1,0,0
one thousand gifts a dare to live fully right where you are,ann voskamp,One Thousand Gifts: A Dare to Live Fully Right Where You Are,Ann Voskamp,Non Fiction,2011,2012,2,4.6,3163.0,3163.0,13.0,60,12,1,0,2,1,0,0
radical taking back your faith from the american dream,david platt,Radical: Taking Back Your Faith from the American Dream,David Platt,Non Fiction,2010,2011,2,4.7,1985.0,1985.0,9.0,55,9,1,0,2,1,0,0
teach like a champion 49 techniques that put students on the path to college,doug lemov,Teach Like a Champion: 49 Techniques that Put Students on the Path to College,Doug Lemov,Non Fiction,2010,2011,2,4.4,637.0,637.0,20.0,77,14,1,1,2,1,0,0
a promised land,barack obama,A Promised Land,Barack Obama,Non Fiction,2020,2020,1,4.9,121109.0,121109.0,16.0,15,3,0,0,1,0,0,0
too much and never enough how my family created the worlds most dangerous man,mary l trump phd,Too Much and Never Enough: How My Family Created the World's Most Dangerous Man,Mary L. Trump Ph.D.,Non Fiction,2020,2020,1,4.6,100534.0,100534.0,10.0,79,14,1,0,1,0,0,0
the four winds a novel,kristin hannah,The Four Winds: A Novel,Kristin Hannah,Fiction,2021,2021,1,4.5,96810.0,96810.0,14.0,23,5,1,0,1,0,0,0
the vanishing half a novel,brit bennett,The Vanishing Half: A Novel,Brit Bennett,Fiction,2020,2020,1,4.4,83490.0,83490.0,13.0,27,5,1,0,1,0,0,0
midnight sun,stephenie meyer,Midnight Sun,Stephenie Meyer,Fiction,2020,2020,1,4.8,79334.0,79334.0,14.0,12,2,0,0,1,0,0,0
verity,colleen hoover,Verity,Colleen Hoover,Fiction,2022,2022,1,4.6,71826.0,71826.0,11.0,6,1,0,0,1,0,0,0
american dirt oprahs book club a novel,jeanine cummins,American Dirt (Oprah's Book Club): A Novel,Jeanine Cummins,Fiction,2020,2020,1,4.6,66795.0,66795.0,14.0,42,7,1,0,1,0,0,0
1984,george orwell,1984,George Orwell,Fiction,2021,2021,1,4.7,60381.0,60381.0,7.0,4,1,0,1,1,0,0,0
reminders of him a novel,colleen hoover,Reminders of Him: A Novel,Colleen Hoover,Fiction,2022,2022,1,4.7,56049.0,56049.0,13.0,25,5,1,0,1,0,0,0
little fires everywhere a novel,celeste ng,Little Fires Everywhere: A Novel,Celeste Ng,Fiction,2020,2020,1,4.5,53363.0,53363.0,10.0,32,5,1,0,1,0,0,0
dune dune chronicles book 1,frank herbert,"Dune (Dune Chronicles, Book 1)",Frank Herbert,Fiction,2021,2021,1,4.7,52262.0,52262.0,12.0,30,5,0,1,1,0,0,0
the room where it happened a white house memoir,john bolton,The Room Where It Happened: A White House Memoir,John Bolton,Non Fiction,2020,2020,1,4.3,49087.0,49087.0,13.0,48,9,1,0,1,0,0,0
the ballad of songbirds and snakes a hunger games novel,suzanne collins,The Ballad of Songbirds and Snakes (A Hunger Games Novel),Suzanne Collins,Fiction,2020,2020,1,4.7,43745.0,43745.0,14.0,57,10,0,0,1,0,0,0
dog man grime and punishment a graphic novel dog man 9 from the creator of captain underpants 9,dav pilkey,Dog Man: Grime and Punishment: A Graphic Novel (Dog Man #9): From the Creator of Captain Underpants (9),Dav Pilkey,Fiction,2020,2020,1,4.9,41021.0,41021.0,6.0,103,18,1,1,1,0,0,0
my first library boxset of 10 board books for kids,wonder house books,My First Library : Boxset of 10 Board Books for Kids,Wonder House Books,Non Fiction,2021,2021,1,4.6,39852.0,39852.0,16.0,52,11,1,1,1,0,0,0
the martian,andy weir,The Martian,Andy Weir,Fiction,2015,2015,1,4.7,39459.0,39459.0,9.0,11,2,0,0,1,0,0,0
prayer journal for women 52 week scripture devotional guided prayer journal,shannon roberts,"Prayer Journal for Women: 52 Week Scripture, Devotional & Guided Prayer Journal",Shannon Roberts,Non Fiction,2020,2020,1,4.8,39234.0,39234.0,10.0,79,12,1,1,1,0,0,0
white fragility why its so hard for white people to talk about racism,dr robin diangelo,White Fragility: Why It's So Hard for White People to Talk About Racism,Dr. Robin DiAngelo,Non Fiction,2020,2020,1,4.5,38798.0,38798.0,8.0,71,13,1,0,1,0,0,0
the lincoln highway a novel,amor towles,The Lincoln Highway: A Novel,Amor Towles,Fiction,2022,2022,1,4.4,38675.0,38675.0,18.0,28,5,1,0,1,0,0,0
the deep end diary of a wimpy kid book 15,jeff kinney,The Deep End (Diary of a Wimpy Kid Book 15),Jeff Kinney,Fiction,2020,2020,1,4.9,38674.0,38674.0,7.0,43,10,0,1,1,0,0,0
the song of achilles a novel,madeline miller,The Song of Achilles: A Novel,Madeline Miller,Fiction,2021,2021,1,4.7,38186.0,38186.0,10.0,29,6,1,0,1,0,0,0
burn after writing,sharon jones,Burn After Writing,Sharon Jones,Non Fiction,2020,2020,1,4.6,36689.0,36689.0,7.0,18,3,0,0,1,0,0,0
the alchemist,paulo coelho,The Alchemist,Paulo Coelho,Fiction,2014,2014,1,4.7,35799.0,35799.0,39.0,13,2,0,0,1,0,0,0
wacky waving inflatable tube guy rp minis,conor riordan,Wacky Waving Inflatable Tube Guy (RP Minis),Conor Riordan,Fiction,2020,2020,1,4.0,35772.0,35772.0,12.0,43,7,0,0,1,0,0,0
go tell the bees that i am gone a novel outlander,diana gabaldon,Go Tell the Bees That I Am Gone: A Novel (Outlander),Diana Gabaldon,Fiction,2021,2021,1,4.7,35580.0,35580.0,20.0,52,11,1,0,1,0,0,0
we were liars,e lockhart,We Were Liars,E. Lockhart,Fiction,2021,2021,1,4.5,34117.0,34117.0,6.0,13,3,0,0,1,0,0,0
ugly love a novel,colleen hoover,Ugly Love: A Novel,Colleen Hoover,Fiction,2022,2022,1,4.7,33929.0,33929.0,10.0,18,4,1,0,1,0,0,0
rage,bob woodward,Rage,Bob Woodward,Non Fiction,2020,2020,1,4.6,33469.0,33469.0,8.0,4,1,0,0,1,0,0,0
the hunger games,suzanne collins,The Hunger Games,Suzanne Collins,Fiction,2010,2010,1,4.7,32122.0,32122.0,14.0,16,3,0,0,1,0,0,0
crystals for beginners the guide to get started with the healing power of crystals,karen frazier,Crystals for Beginners: The Guide to Get Started with the Healing Power of Crystals,Karen Frazier,Non Fiction,2021,2021,1,4.8,30513.0,30513.0,9.0,83,14,1,0,1,0,0,0
chicka chicka boom boom board book,bill martin jr,Chicka Chicka Boom Boom (Board Book),Bill Martin Jr.,Fiction,2020,2020,1,4.9,30145.0,30145.0,5.0,36,6,0,0,1,0,0,0
how to catch a unicorn,adam wallace,How to Catch a Unicorn,Adam Wallace,Fiction,2020,2020,1,4.8,29902.0,29902.0,5.0,22,5,0,0,1,0,0,0
inferno,dan brown,Inferno,Dan Brown,Fiction,2013,2013,1,4.1,29651.0,29651.0,14.0,7,1,0,0,1,0,0,0
american marxism,mark r levin,American Marxism,Mark R. Levin,Non Fiction,2021,2021,1,4.9,29510.0,29510.0,14.0,16,2,0,0,1,0,0,0
the handmaids tale,margaret atwood,The Handmaid's Tale,Margaret Atwood,Fiction,2017,2017,1,4.3,29442.0,29442.0,7.0,19,3,0,0,1,0,0,0
air fryer cookbook 600 effortless air fryer recipes for beginners and advanced users,jenson william,Air Fryer Cookbook: 600 Effortless Air Fryer Recipes for Beginners and Advanced Users,Jenson William,Non Fiction,2022,2022,1,4.4,29402.0,29402.0,11.0,85,13,1,1,1,0,0,0
the splendid and the vile a saga of churchill family and defiance during the blitz,erik larson,"The Splendid and the Vile: A Saga of Churchill, Family, and Defiance During the Blitz",Erik Larson,Non Fiction,2020,2020,1,4.7,26537.0,26537.0,17.0,85,15,1,0,1,0,0,0
little fires everywhere,celeste ng,Little Fires Everywhere,Celeste Ng,Fiction,2018,2018,1,4.5,25706.0,25706.0,12.0,23,3,0,0,1,0,0,0
grey fifty shades of grey as told by christian fifty shades of grey series,e l james,Grey: Fifty Shades of Grey as Told by Christian (Fifty Shades of Grey Series),E L James,Fiction,2015,2015,1,4.4,25624.0,25624.0,14.0,77,14,1,0,1,0,0,0
publication manual of the american psychological association 7th edition official 2020 copyright,american psychological association,"Publication Manual of the American Psychological Association: 7th Edition, Official, 2020 Copyright",American Psychological Association,Non Fiction,2021,2021,1,4.8,25374.0,25374.0,21.0,99,12,1,1,1,0,0,0
the love hypothesis,ali hazelwood,The Love Hypothesis,Ali Hazelwood,Fiction,2022,2022,1,4.6,24858.0,24858.0,11.0,19,3,0,0,1,0,0,0
how to be an antiracist,ibram x kendi,How to Be an Antiracist,Ibram X. Kendi,Non Fiction,2020,2020,1,4.7,24386.0,24386.0,17.0,23,5,0,0,1,0,0,0
magnolia table volume 2 a collection of recipes for gathering,joanna gaines,"Magnolia Table, Volume 2: A Collection of Recipes for Gathering",Joanna Gaines,Non Fiction,2020,2020,1,4.9,24352.0,24352.0,17.0,63,10,1,1,1,0,0,0
harry potter and the cursed child parts 1 2 special rehearsal edition script,jk rowling,"Harry Potter and the Cursed Child, Parts 1 & 2, Special Rehearsal Edition Script",J.K. Rowling,Fiction,2016,2016,1,4.0,23973.0,23973.0,12.0,80,14,0,1,1,0,0,0
live free or die america and the world on the brink,sean hannity,Live Free Or Die: America (and the World) on the Brink,Sean Hannity,Non Fiction,2020,2020,1,4.8,23944.0,23944.0,13.0,54,11,1,0,1,0,0,0
from crook to cook platinum recipes from tha boss doggs kitchen snoop dogg cookbook celebrity cookbook with soul food recipes snoop dog x chronicle books,snoop dogg,"From Crook to Cook: Platinum Recipes from Tha Boss Dogg's Kitchen (Snoop Dogg Cookbook, Celebrity Cookbook with Soul Food Recipes) (Snoop Dog x Chronicle Books)",Snoop Dogg,Non Fiction,2022,2022,1,4.8,23735.0,23735.0,13.0,160,25,1,0,1,0,0,0
fifty shades darker,e l james,Fifty Shades Darker,E L James,Fiction,2012,2012,1,4.4,23631.0,23631.0,7.0,19,3,0,0,1,0,0,0
sycamore row jake brigance,john grisham,Sycamore Row (Jake Brigance),John Grisham,Fiction,2013,2013,1,4.5,23114.0,23114.0,18.0,28,4,0,0,1,0,0,0
they both die at the end,adam silvera,They Both Die at the End,Adam Silvera,Fiction,2021,2021,1,4.7,22602.0,22602.0,8.0,24,6,0,0,1,0,0,0
orphan train,christina baker kline,Orphan Train,Christina Baker Kline,Fiction,2014,2014,1,4.6,21930.0,21930.0,11.0,12,2,0,0,1,0,0,0
1984 signet classics,george orwell,1984 (Signet Classics),George Orwell,Fiction,2017,2017,1,4.7,21424.0,21424.0,6.0,22,3,0,1,1,0,0,0
grumpy monkey,suzanne lang,Grumpy Monkey,Suzanne Lang,Fiction,2021,2021,1,4.8,20714.0,20714.0,7.0,13,2,0,0,1,0,0,0
fifty shades freed book three of the fifty shades trilogy fifty shades of grey series english edition,e l james,Fifty Shades Freed: Book Three of the Fifty Shades Trilogy (Fifty Shades of Grey Series) (English Edition),E L James,Fiction,2012,2012,1,4.5,20262.0,20262.0,11.0,106,17,1,0,1,0,0,0
a game of thrones a clash of kings a storm of swords a feast of crows a dance with dragons,george r r martin,A Game of Thrones / A Clash of Kings / A Storm of Swords / A Feast of Crows / A Dance with Dragons,George R. R. Martin,Fiction,2014,2014,1,4.7,19735.0,19735.0,30.0,98,24,0,0,1,0,0,0
a gentleman in moscow a novel,amor towles,A Gentleman in Moscow: A Novel,Amor Towles,Fiction,2017,2017,1,4.7,19699.0,19699.0,15.0,30,6,1,0,1,0,0,0
harry potter and the chamber of secrets the illustrated edition harry potter book 2,jk rowling,"Harry Potter and the Chamber of Secrets: The Illustrated Edition (Harry Potter, Book 2)",J.K. Rowling,Fiction,2016,2016,1,4.9,19622.0,19622.0,30.0,87,14,1,1,1,0,0,0
get out of your head stopping the spiral of toxic thoughts,jennie allen,Get Out of Your Head: Stopping the Spiral of Toxic Thoughts,Jennie Allen,Non Fiction,2020,2020,1,4.7,19558.0,19558.0,14.0,59,11,1,0,1,0,0,0
human body activity book for kids handson fun for grades k3,phd katie stokes med,Human Body Activity Book for Kids: Hands-On Fun for Grades K-3,"Ph.D., Katie Stokes, M.Ed.,",Non Fiction,2020,2020,1,4.7,19138.0,19138.0,5.0,62,11,1,1,1,0,0,0
12 rules for life an antidote to chaos,jordan b peterson,12 Rules for Life: An Antidote to Chaos,Jordan B. Peterson,Non Fiction,2018,2018,1,4.7,18979.0,18979.0,15.0,39,8,1,1,1,0,0,0
origin a novel robert langdon,dan brown,Origin: A Novel (Robert Langdon),Dan Brown,Fiction,2017,2017,1,4.3,18904.0,18904.0,13.0,32,5,1,0,1,0,0,0
dog man mothering heights a graphic novel dog man 10 from the creator of captain underpants 10,dav pilkey,Dog Man: Mothering Heights: A Graphic Novel (Dog Man #10): From the Creator of Captain Underpants (10),Dav Pilkey,Fiction,2021,2021,1,4.9,18740.0,18740.0,7.0,102,17,1,1,1,0,0,0
the big book of silly jokes for kids,carole p roman,The Big Book of Silly Jokes for Kids,Carole P. Roman,Non Fiction,2020,2020,1,4.7,18142.0,18142.0,6.0,36,8,0,0,1,0,0,0
the maid a novel,nita prose,The Maid: A Novel,Nita Prose,Fiction,2022,2022,1,4.3,17988.0,17988.0,17.0,17,4,1,0,1,0,0,0
divergent insurgent,veronica roth,Divergent / Insurgent,Veronica Roth,Fiction,2014,2014,1,4.5,17684.0,17684.0,6.0,21,3,0,0,1,0,0,0
paint by sticker kids unicorns magic create 10 pictures one sticker at a time includes glitter stickers,workman publishing,Paint by Sticker Kids: Unicorns & Magic: Create 10 Pictures One Sticker at a Time! Includes Glitter Stickers,Workman Publishing,Non Fiction,2020,2020,1,4.8,17639.0,17639.0,7.0,108,18,1,1,1,0,0,0
november 9 a novel,colleen hoover,November 9: A Novel,Colleen Hoover,Fiction,2022,2022,1,4.7,17592.0,17592.0,13.0,19,4,1,1,1,0,0,0
10day green smoothie cleanse,jj smith,10-Day Green Smoothie Cleanse,JJ Smith,Non Fiction,2016,2016,1,4.7,17350.0,17350.0,8.0,29,4,0,1,1,0,0,0
wild from lost to found on the pacific crest trail,cheryl strayed,Wild: From Lost to Found on the Pacific Crest Trail,Cheryl Strayed,Non Fiction,2012,2012,1,4.4,17044.0,17044.0,18.0,51,10,1,0,1,0,0,0
peril,bob woodward,Peril,Bob Woodward,Non Fiction,2021,2021,1,4.6,16861.0,16861.0,15.0,5,1,0,0,1,0,0,0
cant hurt me master your mind and defy the odds,david goggins,Can't Hurt Me: Master Your Mind and Defy the Odds,David Goggins,Non Fiction,2019,2019,1,4.8,16244.0,16244.0,18.0,49,10,1,0,1,0,0,0
modern comfort food a barefoot contessa cookbook,ina garten,Modern Comfort Food: A Barefoot Contessa Cookbook,Ina Garten,Non Fiction,2020,2020,1,4.8,16097.0,16097.0,19.0,49,7,1,0,1,0,0,0
american sniper the autobiography of the most lethal sniper in us military history,chris kyle,American Sniper: The Autobiography of the Most Lethal Sniper in U.S. Military History,Chris Kyle,Non Fiction,2015,2015,1,4.6,15921.0,15921.0,9.0,85,13,1,0,1,0,0,0
doctor sleep a novel,stephen king,Doctor Sleep: A Novel,Stephen King,Fiction,2013,2013,1,4.7,15845.0,15845.0,13.0,21,4,1,0,1,0,0,0
go set a watchman a novel,harper lee,Go Set a Watchman: A Novel,Harper Lee,Fiction,2015,2015,1,3.6,14982.0,14982.0,19.0,26,6,1,0,1,0,0,0
the racketeer,john grisham,The Racketeer,John Grisham,Fiction,2012,2012,1,4.3,14493.0,14493.0,18.0,13,2,0,0,1,0,0,0
the storyteller tales of life and music,dave grohl,The Storyteller: Tales of Life and Music,Dave Grohl,Non Fiction,2021,2021,1,4.8,14463.0,14463.0,18.0,40,7,1,0,1,0,0,0
the hill we climb an inaugural poem for the country,amanda gorman,The Hill We Climb: An Inaugural Poem for the Country,Amanda Gorman,Fiction,2021,2021,1,4.9,14385.0,14385.0,10.0,52,10,1,0,1,0,0,0
house of sky and breath crescent city,sarah j maas,House of Sky and Breath (Crescent City),Sarah J. Maas,Fiction,2022,2022,1,4.8,14327.0,14327.0,18.0,39,7,0,0,1,0,0,0
fifty shades trilogy fifty shades of grey fifty shades darker fifty shades freed,e l james,Fifty Shades Trilogy (Fifty Shades of Grey / Fifty Shades Darker / Fifty Shades Freed),E L James,Fiction,2012,2012,1,4.5,13964.0,13964.0,32.0,86,15,0,0,1,0,0,0
when breath becomes air,paul kalanithi,When Breath Becomes Air,Paul Kalanithi,Non Fiction,2016,2016,1,4.8,13779.0,13779.0,14.0,23,4,0,0,1,0,0,0
fire and fury inside the trump white house,michael wolff,Fire and Fury: Inside the Trump White House,Michael Wolff,Non Fiction,2018,2018,1,4.2,13677.0,13677.0,6.0,43,8,1,0,1,0,0,0
the guardians a novel,john grisham,The Guardians: A Novel,John Grisham,Fiction,2019,2019,1,4.5,13609.0,13609.0,14.0,22,4,1,0,1,0,0,0
harry potter paperback box set books 17,j k rowling,Harry Potter Paperback Box Set (Books 1-7),J. K. Rowling,Fiction,2016,2016,1,4.8,13471.0,13471.0,52.0,42,7,0,1,1,0,0,0
a dance with dragons a song of ice and fire,george r r martin,A Dance with Dragons (A Song of Ice and Fire),George R. R. Martin,Fiction,2011,2011,1,4.4,12643.0,12643.0,11.0,45,10,0,0,1,0,0,0
dog man fetch22 from the creator of captain underpants dog man 8,dav pilkey,Dog Man: Fetch-22: From the Creator of Captain Underpants (Dog Man #8),Dav Pilkey,Fiction,2019,2019,1,4.9,12619.0,12619.0,8.0,70,12,1,1,1,0,0,0
big shot diary of a wimpy kid book 16,jeff kinney,Big Shot Diary of a Wimpy Kid Book 16,Jeff Kinney,Fiction,2021,2021,1,4.9,12259.0,12259.0,7.0,37,9,0,1,1,0,0,0
and the mountains echoed,khaled hosseini,And the Mountains Echoed,Khaled Hosseini,Fiction,2013,2013,1,4.3,12159.0,12159.0,13.0,24,4,0,0,1,0,0,0
selflove workbook for women release selfdoubt build selfcompassion and embrace who you are selfhelp workbooks for women,megan logan msw lcsw,"Self-Love Workbook for Women: Release Self-Doubt, Build Self-Compassion, and Embrace Who You Are (Self-Help Workbooks for Women)",Megan Logan MSW LCSW,Non Fiction,2021,2021,1,4.7,11921.0,11921.0,10.0,128,17,1,0,1,0,0,0
last week tonight with john oliver presents a day in the life of marlon bundo better bundo book lgbt childrens book,jill twiss,"Last Week Tonight with John Oliver Presents A Day in the Life of Marlon Bundo (Better Bundo Book, LGBT Childrens Book)",Jill Twiss,Fiction,2018,2018,1,4.9,11881.0,11881.0,13.0,119,21,0,0,1,0,0,0
twilight the twilight saga book 1,stephenie meyer,"Twilight (The Twilight Saga, Book 1)",Stephenie Meyer,Fiction,2009,2009,1,4.7,11676.0,11676.0,9.0,36,6,0,1,1,0,0,0
the total money makeover classic edition a proven plan for financial fitness,dave ramsey,The Total Money Makeover: Classic Edition: A Proven Plan for Financial Fitness,Dave Ramsey,Non Fiction,2019,2019,1,4.7,11550.0,11550.0,10.0,78,12,1,0,1,0,0,0
killing jesus bill oreillys killing series,bill oreilly,Killing Jesus (Bill O'Reilly's Killing Series),Bill O'Reilly,Non Fiction,2013,2013,1,4.5,11391.0,11391.0,12.0,46,6,0,0,1,0,0,0
being mortal medicine and what matters in the end,atul gawande,Being Mortal: Medicine and What Matters in the End,Atul Gawande,Non Fiction,2015,2015,1,4.8,11113.0,11113.0,15.0,50,9,1,0,1,0,0,0
the harbinger the ancient mystery that holds the secret of americas future,jonathan cahn,The Harbinger: The Ancient Mystery that Holds the Secret of America's Future,Jonathan Cahn,Fiction,2012,2012,1,4.6,11098.0,11098.0,13.0,76,12,1,0,1,0,0,0
killing patton the strange death of world war iis most audacious general bill oreillys killing series,bill oreilly,Killing Patton: The Strange Death of World War II's Most Audacious General (Bill O'Reilly's Killing Series),Bill O'Reilly,Non Fiction,2014,2014,1,4.6,10927.0,10927.0,6.0,107,16,1,0,1,0,0,0
the power of habit why we do what we do in life and business,charles duhigg,The Power of Habit: Why We Do What We Do in Life and Business,Charles Duhigg,Non Fiction,2012,2012,1,4.6,10795.0,10795.0,21.0,61,14,1,0,1,0,0,0
winter of the world book two of the century trilogy,ken follett,Winter of the World: Book Two of the Century Trilogy,Ken Follett,Fiction,2012,2012,1,4.5,10760.0,10760.0,15.0,52,10,1,0,1,0,0,0
rand mcnally 2022 large scale road atlas,rand mcnally,Rand McNally 2022 Large Scale Road Atlas,Rand McNally,Non Fiction,2022,2022,1,4.7,10404.0,10404.0,17.0,40,7,0,1,1,0,0,0
calm the fck down an irreverent adult coloring book irreverent book series,sasha ohara,Calm the F*ck Down: An Irreverent Adult Coloring Book (Irreverent Book Series),Sasha O'Hara,Non Fiction,2016,2016,1,4.6,10369.0,10369.0,4.0,78,12,1,0,1,0,0,0
make your bed little things that can change your lifeand maybe the world,admiral william h mcraven,Make Your Bed: Little Things That Can Change Your Life...And Maybe the World,Admiral William H. McRaven,Non Fiction,2017,2017,1,4.7,10199.0,10199.0,11.0,76,13,1,0,1,0,0,0
the president is missing a novel,james patterson,The President Is Missing: A Novel,James Patterson,Fiction,2018,2018,1,4.3,10191.0,10191.0,18.0,33,6,1,0,1,0,0,0
good days start with gratitude a 52 week guide to cultivate an attitude of gratitude gratitude journal,pretty simple press,Good Days Start With Gratitude: A 52 Week Guide To Cultivate An Attitude Of Gratitude: Gratitude Journal,Pretty Simple Press,Non Fiction,2019,2019,1,4.6,10141.0,10141.0,6.0,104,17,1,1,1,0,0,0
the maze runner book 1,james dashner,The Maze Runner (Book 1),James Dashner,Fiction,2014,2014,1,4.5,10101.0,10101.0,8.0,24,5,0,1,1,0,0,0
harry potter and the sorcerers stone the illustrated edition harry potter book 1,jk rowling,"Harry Potter and the Sorcerer's Stone: The Illustrated Edition (Harry Potter, Book 1)",J.K. Rowling,Fiction,2016,2016,1,4.9,10052.0,10052.0,22.0,85,13,1,1,1,0,0,0
where the wild things are,maurice sendak,Where the Wild Things Are,Maurice Sendak,Fiction,2009,2009,1,4.8,9967.0,9967.0,13.0,25,5,0,0,1,0,0,0
the hate u give,angie thomas,The Hate U Give,Angie Thomas,Fiction,2018,2018,1,4.8,9947.0,9947.0,11.0,15,4,0,0,1,0,0,0
magnolia table a collection of recipes for gathering,joanna gaines,Magnolia Table: A Collection of Recipes for Gathering,Joanna Gaines,Non Fiction,2018,2018,1,4.8,9867.0,9867.0,16.0,53,8,1,0,1,0,0,0
breaking dawn the twilight saga book 4,stephenie meyer,"Breaking Dawn (The Twilight Saga, Book 4)",Stephenie Meyer,Fiction,2009,2009,1,4.6,9769.0,9769.0,13.0,41,7,0,1,1,0,0,0
go the fk to sleep,adam mansbach,Go the F**k to Sleep,Adam Mansbach,Fiction,2011,2011,1,4.8,9568.0,9568.0,9.0,20,5,0,0,1,0,0,0
wrecking ball diary of a wimpy kid book 14,jeff kinney,Wrecking Ball (Diary of a Wimpy Kid Book 14),Jeff Kinney,Fiction,2019,2019,1,4.9,9413.0,9413.0,8.0,44,9,0,1,1,0,0,0
strange planet strange planet series,nathan w pyle,Strange Planet (Strange Planet Series),Nathan W. Pyle,Fiction,2019,2019,1,4.9,9382.0,9382.0,6.0,38,5,0,0,1,0,0,0
astrophysics for people in a hurry,neil degrasse tyson,Astrophysics for People in a Hurry,Neil deGrasse Tyson,Non Fiction,2017,2017,1,4.7,9374.0,9374.0,9.0,34,6,0,0,1,0,0,0
the casual vacancy,jk rowling,The Casual Vacancy,J.K. Rowling,Fiction,2012,2012,1,3.3,9372.0,9372.0,12.0,18,3,0,0,1,0,0,0
secret garden an inky treasure hunt and coloring book for adults mindfulness coloring,johanna basford,"Secret Garden: An Inky Treasure Hunt and Coloring Book (For Adults, mindfulness coloring)",Johanna Basford,Non Fiction,2015,2015,1,4.7,9366.0,9366.0,9.0,89,13,1,0,1,0,0,0
llama llama i love you,anna dewdney,Llama Llama I Love You,Anna Dewdney,Fiction,2022,2022,1,4.8,9361.0,9361.0,5.0,22,5,0,0,1,0,0,0
what if serious scientific answers to absurd hypothetical questions,randall munroe,What If?: Serious Scientific Answers to Absurd Hypothetical Questions,Randall Munroe,Non Fiction,2014,2014,1,4.7,9292.0,9292.0,17.0,69,9,1,0,1,0,0,0
alexander hamilton,ron chernow,Alexander Hamilton,Ron Chernow,Non Fiction,2016,2016,1,4.8,9198.0,9198.0,13.0,18,2,0,0,1,0,0,0
dog man for whom the ball rolls from the creator of captain underpants dog man 7,dav pilkey,Dog Man: For Whom the Ball Rolls: From the Creator of Captain Underpants (Dog Man #7),Dav Pilkey,Fiction,2019,2019,1,4.9,9089.0,9089.0,8.0,85,16,1,1,1,0,0,0
the unofficial harry potter cookbook from cauldron cakes to knickerbocker glorymore than 150 magical recipes for,dinah bucholz,The Unofficial Harry Potter Cookbook: From Cauldron Cakes to Knickerbocker Glory--More Than 150 Magical Recipes for…,Dinah Bucholz,Non Fiction,2019,2019,1,4.7,9030.0,9030.0,10.0,116,16,1,1,1,0,0,0
water for elephants a novel,sara gruen,Water for Elephants: A Novel,Sara Gruen,Fiction,2011,2011,1,4.5,8958.0,8958.0,12.0,28,5,1,0,1,0,0,0
killing the rising sun how america vanquished world war ii japan bill oreillys killing series,bill oreilly,Killing the Rising Sun: How America Vanquished World War II Japan (Bill O'Reilly's Killing Series),Bill O'Reilly,Non Fiction,2016,2016,1,4.8,8916.0,8916.0,6.0,98,15,1,0,1,0,0,0
the lost symbol,dan brown,The Lost Symbol,Dan Brown,Fiction,2009,2009,1,4.2,8747.0,8747.0,19.0,15,3,0,0,1,0,0,0
killing kennedy the end of camelot,bill oreilly,Killing Kennedy: The End of Camelot,Bill O'Reilly,Non Fiction,2012,2012,1,4.6,8634.0,8634.0,25.0,35,6,1,0,1,0,0,0
the guernsey literary and potato peel pie society,mary ann shaffer,The Guernsey Literary and Potato Peel Pie Society,Mary Ann Shaffer,Fiction,2009,2009,1,4.7,8587.0,8587.0,10.0,49,8,0,0,1,0,0,0
looking for alaska,john green,Looking for Alaska,John Green,Fiction,2014,2014,1,4.5,8491.0,8491.0,7.0,18,3,0,0,1,0,0,0
killers of the flower moon the osage murders and the birth of the fbi,david grann,Killers of the Flower Moon: The Osage Murders and the Birth of the FBI,David Grann,Non Fiction,2017,2017,1,4.6,8393.0,8393.0,17.0,70,14,1,0,1,0,0,0
no easy day the autobiography of a navy seal the firsthand account of the mission that killed osama bin laden,mark owen,No Easy Day: The Autobiography of a Navy Seal: The Firsthand Account of the Mission That Killed Osama Bin Laden,Mark Owen,Non Fiction,2012,2012,1,4.6,8093.0,8093.0,14.0,111,20,1,0,1,0,0,0
difficult riddles for smart kids 300 difficult riddles and brain teasers families will love books for smart kids,m prefontaine,Difficult Riddles For Smart Kids: 300 Difficult Riddles And Brain Teasers Families Will Love (Books for Smart Kids),M Prefontaine,Non Fiction,2019,2019,1,4.6,7955.0,7955.0,5.0,115,18,1,1,1,0,0,0
thirteen reasons why,jay asher,Thirteen Reasons Why,Jay Asher,Fiction,2017,2017,1,4.5,7932.0,7932.0,9.0,20,3,0,0,1,0,0,0
national geographic little kids first big book of why national geographic little kids first big books,amy shields,National Geographic Little Kids First Big Book of Why (National Geographic Little Kids First Big Books),Amy Shields,Non Fiction,2019,2019,1,4.8,7866.0,7866.0,11.0,103,16,0,0,1,0,0,0
the magnolia story,chip gaines,The Magnolia Story,Chip Gaines,Non Fiction,2016,2016,1,4.9,7861.0,7861.0,5.0,18,3,0,0,1,0,0,0
harry potter and the goblet of fire the illustrated edition harry potter book 4 4,j k rowling,"Harry Potter and the Goblet of Fire: The Illustrated Edition (Harry Potter, Book 4) (4)",J. K. Rowling,Fiction,2019,2019,1,4.9,7758.0,7758.0,18.0,87,15,1,1,1,0,0,0
5000 awesome facts about everything national geographic kids,national geographic kids,"5,000 Awesome Facts (About Everything!) (National Geographic Kids)",National Geographic Kids,Non Fiction,2019,2019,1,4.8,7665.0,7665.0,12.0,66,8,0,1,1,0,0,0
girl stop apologizing a shamefree plan for embracing and achieving your goals,rachel hollis,"Girl, Stop Apologizing: A Shame-Free Plan for Embracing and Achieving Your Goals",Rachel Hollis,Non Fiction,2019,2019,1,4.6,7660.0,7660.0,12.0,80,12,1,0,1,0,0,0
lettering and modern calligraphy a beginners guide learn hand lettering and brush lettering,paper peony press,Lettering and Modern Calligraphy: A Beginner's Guide: Learn Hand Lettering and Brush Lettering,Paper Peony Press,Non Fiction,2018,2018,1,4.4,7550.0,7550.0,6.0,94,13,1,0,1,0,0,0
the girl who played with fire millennium,stieg larsson,The Girl Who Played with Fire (Millennium),Stieg Larsson,Fiction,2009,2009,1,4.7,7251.0,7251.0,16.0,42,7,0,0,1,0,0,0
the girl who played with fire millennium series,stieg larsson,The Girl Who Played with Fire (Millennium Series),Stieg Larsson,Fiction,2010,2010,1,4.7,7251.0,7251.0,9.0,49,8,0,0,1,0,0,0
if i stay,gayle forman,If I Stay,Gayle Forman,Fiction,2014,2014,1,4.3,7153.0,7153.0,9.0,9,3,0,0,1,0,0,0
rush revere and the brave pilgrims timetravel adventures with exceptional americans 1,rush limbaugh,Rush Revere and the Brave Pilgrims: Time-Travel Adventures with Exceptional Americans (1),Rush Limbaugh,Fiction,2013,2013,1,4.9,7150.0,7150.0,12.0,89,12,1,1,1,0,0,0
its not supposed to be this way finding unexpected strength when disappointments leave you shattered,lysa terkeurst,It's Not Supposed to Be This Way: Finding Unexpected Strength When Disappointments Leave You Shattered,Lysa TerKeurst,Non Fiction,2019,2019,1,4.8,7062.0,7062.0,12.0,102,15,1,0,1,0,0,0
the plant paradox the hidden dangers in healthy foods that cause disease and weight gain,dr steven r gundry md,"The Plant Paradox: The Hidden Dangers in ""Healthy"" Foods That Cause Disease and Weight Gain",Dr. Steven R Gundry MD,Non Fiction,2018,2018,1,4.4,7058.0,7058.0,17.0,91,15,1,0,1,0,0,0
things that matter three decades of passions pastimes and politics deckled edge,charles krauthammer,"Things That Matter: Three Decades of Passions, Pastimes and Politics [Deckled Edge]",Charles Krauthammer,Non Fiction,2013,2013,1,4.7,7034.0,7034.0,15.0,83,12,1,0,1,0,0,0
the house of hades heroes of olympus book 4,rick riordan,"The House of Hades (Heroes of Olympus, Book 4)",Rick Riordan,Fiction,2013,2013,1,4.8,6982.0,6982.0,14.0,46,9,0,1,1,0,0,0
little blue trucks valentine,alice schertle,Little Blue Truck's Valentine,Alice Schertle,Fiction,2022,2022,1,4.9,6959.0,6959.0,11.0,29,4,0,0,1,0,0,0
diary of a wimpy kid hard luck book 8,jeff kinney,"Diary of a Wimpy Kid: Hard Luck, Book 8",Jeff Kinney,Fiction,2013,2013,1,4.8,6812.0,6812.0,0.0,39,9,1,1,1,0,0,0
under the dome a novel,stephen king,Under the Dome: A Novel,Stephen King,Fiction,2009,2009,1,4.3,6740.0,6740.0,20.0,23,5,1,0,1,0,0,0
whose boat is this boat comments that dont help in the aftermath of a hurricane,the staff of the late show with,Whose Boat Is This Boat?: Comments That Don't Help in the Aftermath of a Hurricane,The Staff of The Late Show with,Non Fiction,2018,2018,1,4.6,6669.0,6669.0,12.0,82,15,1,0,1,0,0,0
the 1619 project a new origin story,nikole hannahjones,The 1619 Project: A New Origin Story,Nikole Hannah-Jones,Non Fiction,2022,2022,1,4.8,6657.0,6657.0,23.0,36,7,1,1,1,0,0,0
the blood of olympus the heroes of olympus 5,rick riordan,The Blood of Olympus (The Heroes of Olympus (5)),Rick Riordan,Fiction,2014,2014,1,4.8,6600.0,6600.0,11.0,48,9,0,1,1,0,0,0
diary of a wimpy kid the long haul,jeff kinney,Diary of a Wimpy Kid: The Long Haul,Jeff Kinney,Fiction,2014,2014,1,4.8,6540.0,6540.0,22.0,35,8,1,0,1,0,0,0
the third wheel diary of a wimpy kid book 7,jeff kinney,"The Third Wheel (Diary of a Wimpy Kid, Book 7)",Jeff Kinney,Fiction,2012,2012,1,4.7,6377.0,6377.0,7.0,46,10,0,1,1,0,0,0
allegiant,veronica roth,Allegiant,Veronica Roth,Fiction,2013,2013,1,3.9,6310.0,6310.0,13.0,9,1,0,0,1,0,0,0
the mark of athena heroes of olympus book 3,rick riordan,"The Mark of Athena (Heroes of Olympus, Book 3)",Rick Riordan,Fiction,2012,2012,1,4.8,6247.0,6247.0,10.0,46,9,0,1,1,0,0,0
the litigators,john grisham,The Litigators,John Grisham,Fiction,2011,2011,1,4.4,6222.0,6222.0,18.0,14,2,0,0,1,0,0,0
old school diary of a wimpy kid 10,jeff kinney,Old School (Diary of a Wimpy Kid #10),Jeff Kinney,Fiction,2015,2015,1,4.8,6169.0,6169.0,7.0,37,8,0,1,1,0,0,0
the wright brothers,david mccullough,The Wright Brothers,David McCullough,Non Fiction,2015,2015,1,4.7,6169.0,6169.0,16.0,19,3,0,0,1,0,0,0
crazy rich asians crazy rich asians trilogy,kevin kwan,Crazy Rich Asians (Crazy Rich Asians Trilogy),Kevin Kwan,Fiction,2018,2018,1,4.3,6143.0,6143.0,8.0,45,7,0,0,1,0,0,0
lean in women work and the will to lead,sheryl sandberg,"Lean In: Women, Work, and the Will to Lead",Sheryl Sandberg,Non Fiction,2013,2013,1,4.5,6132.0,6132.0,13.0,42,9,1,0,1,0,0,0
unicorn coloring book for kids ages 48 us edition silly bear coloring books,silly bear,Unicorn Coloring Book: For Kids Ages 4-8 (US Edition) (Silly Bear Coloring Books),Silly Bear,Non Fiction,2019,2019,1,4.8,6108.0,6108.0,4.0,81,13,1,1,1,0,0,0
fear trump in the white house,bob woodward,Fear: Trump in the White House,Bob Woodward,Non Fiction,2018,2018,1,4.4,6042.0,6042.0,2.0,30,6,1,0,1,0,0,0
how to catch a leprechaun,adam wallace,How to Catch a Leprechaun,Adam Wallace,Fiction,2022,2022,1,4.8,6020.0,6020.0,10.0,25,5,0,0,1,0,0,0
a higher loyalty truth lies and leadership,james comey,"A Higher Loyalty: Truth, Lies, and Leadership",James Comey,Non Fiction,2018,2018,1,4.7,5983.0,5983.0,3.0,45,7,1,0,1,0,0,0
tina fey bossypants,tina fey,Tina Fey: Bossypants,Tina Fey,Non Fiction,2011,2011,1,4.3,5977.0,5977.0,12.0,20,3,1,0,1,0,0,0
grain brain the surprising truth about wheat carbs and sugaryour brains silent killers,david perlmutter md,"Grain Brain: The Surprising Truth about Wheat, Carbs, and Sugar--Your Brain's Silent Killers",David Perlmutter MD,Non Fiction,2014,2014,1,4.6,5972.0,5972.0,10.0,92,13,1,0,1,0,0,0
unfreedom of the press,mark r levin,Unfreedom of the Press,Mark R. Levin,Non Fiction,2019,2019,1,4.9,5956.0,5956.0,11.0,22,4,0,0,1,0,0,0
the meltdown diary of a wimpy kid book 13,jeff kinney,The Meltdown (Diary of a Wimpy Kid Book 13),Jeff Kinney,Fiction,2018,2018,1,4.8,5898.0,5898.0,8.0,43,9,0,1,1,0,0,0
hamilton the revolution,linmanuel miranda,Hamilton: The Revolution,Lin-Manuel Miranda,Non Fiction,2016,2016,1,4.9,5867.0,5867.0,54.0,24,3,1,0,1,0,0,0
the getaway,jeff kinney,The Getaway,Jeff Kinney,Fiction,2017,2017,1,4.8,5836.0,5836.0,0.0,11,2,0,0,1,0,0,0
new moon the twilight saga,stephenie meyer,New Moon (The Twilight Saga),Stephenie Meyer,Fiction,2009,2009,1,4.6,5680.0,5680.0,10.0,28,5,0,0,1,0,0,0
eclipse twilight,stephenie meyer,Eclipse (Twilight),Stephenie Meyer,Fiction,2009,2009,1,4.7,5505.0,5505.0,18.0,18,2,0,0,1,0,0,0
eclipse twilight sagas,stephenie meyer,Eclipse (Twilight Sagas),Stephenie Meyer,Fiction,2009,2009,1,4.7,5505.0,5505.0,7.0,24,3,0,0,1,0,0,0
what happened,hillary rodham clinton,What Happened,Hillary Rodham Clinton,Non Fiction,2017,2017,1,4.6,5492.0,5492.0,18.0,13,2,0,0,1,0,0,0
the sun and her flowers,rupi kaur,The Sun and Her Flowers,Rupi Kaur,Non Fiction,2017,2017,1,4.7,5487.0,5487.0,9.0,23,5,0,0,1,0,0,0
guts,raina telgemeier,Guts,Raina Telgemeier,Non Fiction,2019,2019,1,4.8,5476.0,5476.0,7.0,4,1,0,0,1,0,0,0
dog man lord of the fleas from the creator of captain underpants dog man 5,dav pilkey,Dog Man: Lord of the Fleas: From the Creator of Captain Underpants (Dog Man #5),Dav Pilkey,Fiction,2018,2018,1,4.9,5470.0,5470.0,6.0,79,15,1,1,1,0,0,0
enchanted forest an inky quest and coloring book activity books mindfulness and meditation illustrated floral prints,johanna basford,"Enchanted Forest: An Inky Quest and Coloring book (Activity Books, Mindfulness and Meditation, Illustrated Floral Prints…",Johanna Basford,Non Fiction,2015,2015,1,4.7,5413.0,5413.0,9.0,121,16,1,0,1,0,0,0
the legend of zelda hyrule historia,patrick thorpe,The Legend of Zelda: Hyrule Historia,Patrick Thorpe,Fiction,2013,2013,1,4.9,5396.0,5396.0,20.0,36,6,1,0,1,0,0,0
baby touch and feel animals,dk,Baby Touch and Feel: Animals,DK,Non Fiction,2015,2015,1,4.6,5360.0,5360.0,5.0,28,5,1,0,1,0,0,0
the complete maus a survivors tale pantheon graphic library,art spiegelman,The Complete Maus: A Survivor's Tale (Pantheon Graphic Library),Art Spiegelman,Fiction,2022,2022,1,4.8,5349.0,5349.0,32.0,63,9,1,0,1,0,0,0
national geographic kids why over 1111 answers to everything,crispin boyer,"National Geographic Kids Why?: Over 1,111 Answers to Everything",Crispin Boyer,Non Fiction,2019,2019,1,4.8,5347.0,5347.0,16.0,63,9,1,1,1,0,0,0
inheritance book iv inheritance cycle,christopher paolini,Inheritance: Book IV (Inheritance Cycle),Christopher Paolini,Fiction,2011,2011,1,4.6,5299.0,5299.0,20.0,40,5,1,0,1,0,0,0
howard stern comes again,howard stern,Howard Stern Comes Again,Howard Stern,Non Fiction,2019,2019,1,4.3,5272.0,5272.0,16.0,24,4,0,0,1,0,0,0
killing reagan the violent assault that changed a presidency bill oreillys killing series,bill oreilly,Killing Reagan: The Violent Assault That Changed a Presidency (Bill O'Reilly's Killing Series),Bill O'Reilly,Non Fiction,2015,2015,1,4.6,5235.0,5235.0,5.0,94,13,1,0,1,0,0,0
night night,elie wiesel,Night (Night),Elie Wiesel,Non Fiction,2016,2016,1,4.7,5178.0,5178.0,9.0,13,2,0,0,1,0,0,0
a wrinkle in time time quintet,madeleine lengle,A Wrinkle in Time (Time Quintet),Madeleine L'Engle,Fiction,2018,2018,1,4.5,5153.0,5153.0,5.0,32,6,0,0,1,0,0,0
double down diary of a wimpy kid 11,jeff kinney,Double Down (Diary of a Wimpy Kid #11),Jeff Kinney,Fiction,2016,2016,1,4.8,5118.0,5118.0,20.0,38,8,0,1,1,0,0,0
dog man and cat kid from the creator of captain underpants dog man 4,dav pilkey,Dog Man and Cat Kid: From the Creator of Captain Underpants (Dog Man #4),Dav Pilkey,Fiction,2018,2018,1,4.9,5062.0,5062.0,6.0,72,14,1,1,1,0,0,0
act like a lady think like a man what men really think about love relationships intimacy and commitment,steve harvey,"Act Like a Lady, Think Like a Man: What Men Really Think About Love, Relationships, Intimacy, and Commitment",Steve Harvey,Non Fiction,2009,2009,1,4.6,5013.0,5013.0,17.0,108,18,1,0,1,0,0,0
my little golden book about betty white,deborah hopkinson,My Little Golden Book About Betty White,Deborah Hopkinson,Non Fiction,2022,2022,1,4.9,4910.0,4910.0,6.0,39,7,0,0,1,0,0,0
hyperbole and a half unfortunate situations flawed coping mechanisms mayhem and other things that happened,allie brosh,"Hyperbole and a Half: Unfortunate Situations, Flawed Coping Mechanisms, Mayhem, and Other Things That Happened",Allie Brosh,Non Fiction,2013,2013,1,4.7,4896.0,4896.0,17.0,110,15,1,0,1,0,0,0
run rose run a novel,james patterson,"Run, Rose, Run: A Novel",James Patterson,Fiction,2022,2022,1,4.5,4828.0,4828.0,18.0,23,5,1,0,1,0,0,0
george washingtons secret six the spy ring that saved the american revolution,brian kilmeade,George Washington's Secret Six: The Spy Ring That Saved the American Revolution,Brian Kilmeade,Non Fiction,2013,2013,1,4.6,4799.0,4799.0,16.0,79,12,1,0,1,0,0,0
dog man a tale of two kitties from the creator of captain underpants dog man 3,dav pilkey,Dog Man: A Tale of Two Kitties: From the Creator of Captain Underpants (Dog Man #3),Dav Pilkey,Fiction,2017,2017,1,4.9,4786.0,4786.0,8.0,83,16,1,1,1,0,0,0
cravings recipes for all the food you want to eat a cookbook,chrissy teigen,Cravings: Recipes for All the Food You Want to Eat: A Cookbook,Chrissy Teigen,Non Fiction,2016,2016,1,4.7,4761.0,4761.0,16.0,62,12,1,0,1,0,0,0
puppy birthday to you paw patrol little golden book,golden books,Puppy Birthday to You! (Paw Patrol) (Little Golden Book),Golden Books,Fiction,2017,2017,1,4.8,4757.0,4757.0,4.0,56,9,0,0,1,0,0,0
joyland hard case crime,stephen king,Joyland (Hard Case Crime),Stephen King,Fiction,2013,2013,1,4.5,4748.0,4748.0,12.0,25,4,0,0,1,0,0,0
david and goliath underdogs misfits and the art of battling giants,malcolm gladwell,"David and Goliath: Underdogs, Misfits, and the Art of Battling Giants",Malcolm Gladwell,Non Fiction,2013,2013,1,4.4,4642.0,4642.0,13.0,69,11,1,0,1,0,0,0
the china study the most comprehensive study of nutrition ever conducted and the startling implications for diet,thomas campbell,The China Study: The Most Comprehensive Study of Nutrition Ever Conducted And the Startling Implications for Diet…,Thomas Campbell,Non Fiction,2011,2011,1,4.7,4633.0,4633.0,21.0,114,17,1,0,1,0,0,0
the 4 hour body an uncommon guide to rapid fat loss incredible sex and becoming superhuman,timothy ferriss,"The 4 Hour Body: An Uncommon Guide to Rapid Fat Loss, Incredible Sex and Becoming Superhuman",Timothy Ferriss,Non Fiction,2011,2011,1,4.3,4587.0,4587.0,21.0,92,16,1,1,1,0,0,0
uninvited living loved when you feel less than left out and lonely,lysa terkeurst,"Uninvited: Living Loved When You Feel Less Than, Left Out, and Lonely",Lysa TerKeurst,Non Fiction,2016,2016,1,4.7,4585.0,4585.0,9.0,69,12,1,0,1,0,0,0
in the garden of beasts love terror and an american family in hitlers berlin,eric larson,"In the Garden of Beasts: Love, Terror, and an American Family in Hitler's Berlin",Eric Larson,Non Fiction,2011,2011,1,4.4,4571.0,4571.0,21.0,80,14,1,0,1,0,0,0
olive kitteridge,elizabeth strout,Olive Kitteridge,Elizabeth Strout,Fiction,2009,2009,1,4.2,4519.0,4519.0,12.0,16,2,0,0,1,0,0,0
the lost hero heroes of olympus book 1,rick riordan,"The Lost Hero (Heroes of Olympus, Book 1)",Rick Riordan,Fiction,2010,2010,1,4.8,4506.0,4506.0,14.0,41,8,0,1,1,0,0,0
cabin fever diary of a wimpy kid book 6,jeff kinney,"Cabin Fever (Diary of a Wimpy Kid, Book 6)",Jeff Kinney,Fiction,2011,2011,1,4.8,4505.0,4505.0,0.0,42,9,0,1,1,0,0,0
fantastic beasts and where to find them the original screenplay harry potter,jk rowling,Fantastic Beasts and Where to Find Them: The Original Screenplay (Harry Potter),J.K. Rowling,Fiction,2016,2016,1,4.7,4370.0,4370.0,15.0,79,12,1,0,1,0,0,0
tools of titans the tactics routines and habits of billionaires icons and worldclass performers,timothy ferriss,"Tools of Titans: The Tactics, Routines, and Habits of Billionaires, Icons, and World-Class Performers",Timothy Ferriss,Non Fiction,2017,2017,1,4.6,4360.0,4360.0,21.0,101,14,1,0,1,0,0,0
the son of neptune heroes of olympus book 2,rick riordan,"The Son of Neptune (Heroes of Olympus, Book 2)",Rick Riordan,Fiction,2011,2011,1,4.8,4290.0,4290.0,10.0,46,9,0,1,1,0,0,0
a stolen life a memoir,jaycee dugard,A Stolen Life: A Memoir,Jaycee Dugard,Non Fiction,2011,2011,1,4.6,4149.0,4149.0,32.0,23,5,1,0,1,0,0,0
happy happy happy my life and legacy as the duck commander,phil robertson,"Happy, Happy, Happy: My Life and Legacy as the Duck Commander",Phil Robertson,Non Fiction,2013,2013,1,4.8,4148.0,4148.0,11.0,61,11,1,0,1,0,0,0
the last lecture,randy pausch,The Last Lecture,Randy Pausch,Non Fiction,2009,2009,1,4.7,4028.0,4028.0,9.0,16,3,0,0,1,0,0,0
creative haven creative cats coloring book adult coloring,marjorie sarnat,Creative Haven Creative Cats Coloring Book (Adult Coloring),Marjorie Sarnat,Non Fiction,2015,2015,1,4.8,4022.0,4022.0,4.0,59,8,0,0,1,0,0,0
ship of fools how a selfish ruling class is bringing america to the brink of revolution,tucker carlson,Ship of Fools: How a Selfish Ruling Class Is Bringing America to the Brink of Revolution,Tucker Carlson,Non Fiction,2018,2018,1,4.8,3923.0,3923.0,16.0,88,16,1,0,1,0,0,0
creative haven owls coloring book adult coloring,marjorie sarnat,Creative Haven Owls Coloring Book (Adult Coloring),Marjorie Sarnat,Non Fiction,2015,2015,1,4.8,3871.0,3871.0,5.0,50,7,0,0,1,0,0,0
diary of a wimpy kid the last straw book 3,jeff kinney,Diary of a Wimpy Kid: The Last Straw (Book 3),Jeff Kinney,Fiction,2009,2009,1,4.8,3837.0,3837.0,15.0,45,10,1,1,1,0,0,0
rush revere and the first patriots timetravel adventures with exceptional americans 2,rush limbaugh,Rush Revere and the First Patriots: Time-Travel Adventures With Exceptional Americans (2),Rush Limbaugh,Fiction,2014,2014,1,4.9,3836.0,3836.0,12.0,89,12,1,1,1,0,0,0
watchmen,alan moore,Watchmen,Alan Moore,Fiction,2009,2009,1,4.8,3829.0,3829.0,42.0,8,1,0,0,1,0,0,0
liberty and tyranny a conservative manifesto,mark r levin,Liberty and Tyranny: A Conservative Manifesto,Mark R. Levin,Non Fiction,2009,2009,1,4.8,3828.0,3828.0,15.0,45,6,1,0,1,0,0,0
the twilight saga collection,stephenie meyer,The Twilight Saga Collection,Stephenie Meyer,Fiction,2009,2009,1,4.7,3801.0,3801.0,82.0,28,4,0,0,1,0,0,0
the ugly truth diary of a wimpy kid book 5,jeff kinney,"The Ugly Truth (Diary of a Wimpy Kid, Book 5)",Jeff Kinney,Fiction,2010,2010,1,4.8,3796.0,3796.0,12.0,45,10,0,1,1,0,0,0
homebody a guide to creating spaces you never want to leave,joanna gaines,Homebody: A Guide to Creating Spaces You Never Want to Leave,Joanna Gaines,Non Fiction,2018,2018,1,4.8,3776.0,3776.0,22.0,60,11,1,0,1,0,0,0
the paris wife a novel,paula mclain,The Paris Wife: A Novel,Paula McLain,Fiction,2011,2011,1,4.3,3759.0,3759.0,16.0,23,5,1,0,1,0,0,0
the time travelers wife,audrey niffenegger,The Time Traveler's Wife,Audrey Niffenegger,Fiction,2009,2009,1,4.4,3759.0,3759.0,6.0,24,4,0,0,1,0,0,0
born to run,bruce springsteen,Born to Run,Bruce Springsteen,Non Fiction,2016,2016,1,4.7,3729.0,3729.0,18.0,11,3,0,0,1,0,0,0
frozen little golden book,rh disney,Frozen (Little Golden Book),RH Disney,Fiction,2014,2014,1,4.7,3642.0,3642.0,0.0,27,4,0,0,1,0,0,0
sarahs key,tatiana de rosnay,Sarah's Key,Tatiana de Rosnay,Fiction,2010,2010,1,4.6,3619.0,3619.0,10.0,11,2,0,0,1,0,0,0
the plant paradox cookbook 100 delicious recipes to help you lose weight heal your gut and live lectinfree,dr steven r gundry md,"The Plant Paradox Cookbook: 100 Delicious Recipes to Help You Lose Weight, Heal Your Gut, and Live Lectin-Free",Dr. Steven R Gundry MD,Non Fiction,2018,2018,1,4.5,3601.0,3601.0,18.0,110,18,1,1,1,0,0,0
harry potter coloring book,scholastic,Harry Potter Coloring Book,Scholastic,Non Fiction,2015,2015,1,4.7,3564.0,3564.0,9.0,26,4,0,0,1,0,0,0
the big short inside the doomsday machine,michael lewis,The Big Short: Inside the Doomsday Machine,Michael Lewis,Non Fiction,2010,2010,1,4.7,3536.0,3536.0,17.0,42,7,1,0,1,0,0,0
the confession a novel,john grisham,The Confession: A Novel,John Grisham,Fiction,2010,2010,1,4.3,3523.0,3523.0,13.0,23,4,1,0,1,0,0,0
pokmon deluxe essential handbook the needtoknow stats and facts on over 700 pokmon,scholastic,Pokémon Deluxe Essential Handbook: The Need-to-Know Stats and Facts on Over 700 Pokémon,Scholastic,Fiction,2016,2016,1,4.7,3503.0,3503.0,9.0,87,13,1,1,1,0,0,0
the tipping point how little things can make a big difference,malcolm gladwell,The Tipping Point: How Little Things Can Make a Big Difference,Malcolm Gladwell,Non Fiction,2009,2009,1,4.4,3503.0,3503.0,9.0,62,11,1,0,1,0,0,0
the pioneer woman cooks dinnertime comfort classics freezer food 16minute meals and other delicious ways to solve,ree drummond,"The Pioneer Woman Cooks: Dinnertime - Comfort Classics, Freezer Food, 16-minute Meals, and Other Delicious Ways to Solve…",Ree Drummond,Non Fiction,2015,2015,1,4.8,3428.0,3428.0,14.0,121,18,1,1,1,0,0,0
redhanded how american elites get rich helping china win,peter schweizer,Red-Handed: How American Elites Get Rich Helping China Win,Peter Schweizer,Non Fiction,2022,2022,1,4.8,3366.0,3366.0,18.0,58,9,1,0,1,0,0,0
obama an intimate portrait,pete souza,Obama: An Intimate Portrait,Pete Souza,Non Fiction,2017,2017,1,4.9,3192.0,3192.0,22.0,27,4,1,0,1,0,0,0
dog days diary of a wimpy kid book 4 volume 4,jeff kinney,"Dog Days (Diary of a Wimpy Kid, Book 4) (Volume 4)",Jeff Kinney,Fiction,2009,2009,1,4.8,3181.0,3181.0,12.0,50,11,0,1,1,0,0,0
harry potter and the prisoner of azkaban the illustrated edition harry potter book 3,jk rowling,"Harry Potter and the Prisoner of Azkaban: The Illustrated Edition (Harry Potter, Book 3)",J.K. Rowling,Fiction,2017,2017,1,4.9,3146.0,3146.0,30.0,88,14,1,1,1,0,0,0
milk and vine inspirational quotes from classic vines,adam gasiewski,Milk and Vine: Inspirational Quotes From Classic Vines,Adam Gasiewski,Non Fiction,2017,2017,1,4.4,3113.0,3113.0,6.0,54,8,1,0,1,0,0,0
the great reset joe biden and the rise of twentyfirstcentury fascism,glenn beck,The Great Reset: Joe Biden and the Rise of Twenty-First-Century Fascism,Glenn Beck,Non Fiction,2022,2022,1,4.7,3098.0,3098.0,18.0,71,11,1,0,1,0,0,0
leonardo da vinci,walter isaacson,Leonardo da Vinci,Walter Isaacson,Non Fiction,2017,2017,1,4.5,3014.0,3014.0,21.0,17,3,0,0,1,0,0,0
adult coloring book stress relieving patterns,blue star coloring,Adult Coloring Book: Stress Relieving Patterns,Blue Star Coloring,Non Fiction,2015,2015,1,4.4,2951.0,2951.0,6.0,46,6,1,0,1,0,0,0
mastering the art of french cooking vol 2,julia child,"Mastering the Art of French Cooking, Vol. 2",Julia Child,Non Fiction,2009,2009,1,4.8,2926.0,2926.0,27.0,43,8,0,1,1,0,0,0
adult coloring book stress relieving animal designs,blue star coloring,Adult Coloring Book: Stress Relieving Animal Designs,Blue Star Coloring,Non Fiction,2015,2015,1,4.6,2925.0,2925.0,6.0,52,7,1,0,1,0,0,0
capital in the twenty first century,thomas piketty,Capital in the Twenty First Century,Thomas Piketty,Non Fiction,2014,2014,1,4.5,2884.0,2884.0,28.0,35,6,0,0,1,0,0,0
the pioneer woman cooks food from my frontier,ree drummond,The Pioneer Woman Cooks: Food from My Frontier,Ree Drummond,Non Fiction,2012,2012,1,4.8,2876.0,2876.0,21.0,46,8,1,0,1,0,0,0
call us what we carry poems,amanda gorman,Call Us What We Carry: Poems,Amanda Gorman,Fiction,2021,2021,1,4.9,2873.0,2873.0,14.0,28,6,1,0,1,0,0,0
humans of new york stories,brandon stanton,Humans of New York : Stories,Brandon Stanton,Non Fiction,2015,2015,1,4.9,2812.0,2812.0,17.0,28,6,1,0,1,0,0,0
the constitution of the united states,delegates of the constitutional,The Constitution of the United States,Delegates of the Constitutional,Non Fiction,2016,2016,1,4.8,2774.0,2774.0,0.0,37,6,0,0,1,0,0,0
life,keith richards,Life,Keith Richards,Non Fiction,2010,2010,1,4.5,2752.0,2752.0,18.0,4,1,0,0,1,0,0,0
the mueller report,the washington post,The Mueller Report,The Washington Post,Non Fiction,2019,2019,1,4.6,2744.0,2744.0,12.0,18,3,0,0,1,0,0,0
the pioneer woman cooks a year of holidays 140 stepbystep recipes for simple scrumptious celebrations,ree drummond,"The Pioneer Woman Cooks: A Year of Holidays: 140 Step-by-Step Recipes for Simple, Scrumptious Celebrations",Ree Drummond,Non Fiction,2013,2013,1,4.8,2663.0,2663.0,17.0,106,15,1,1,1,0,0,0
ultimate sticker book frozen more than 60 reusable fullcolor stickers,dk,Ultimate Sticker Book: Frozen: More Than 60 Reusable Full-Color Stickers,DK,Fiction,2014,2014,1,4.5,2586.0,2586.0,5.0,72,10,1,1,1,0,0,0
the amateur,edward klein,The Amateur,Edward Klein,Non Fiction,2012,2012,1,4.6,2580.0,2580.0,9.0,11,2,0,0,1,0,0,0
drive the surprising truth about what motivates us,daniel h pink,Drive: The Surprising Truth About What Motivates Us,Daniel H. Pink,Non Fiction,2010,2010,1,4.5,2525.0,2525.0,16.0,51,8,1,0,1,0,0,0
kitchen confidential updated edition adventures in the culinary underbelly ps,anthony bourdain,Kitchen Confidential Updated Edition: Adventures in the Culinary Underbelly (P.S.),Anthony Bourdain,Non Fiction,2018,2018,1,4.8,2507.0,2507.0,8.0,82,10,1,0,1,0,0,0
maus i a survivors tale my father bleeds history,art spiegelman,Maus I: A Survivor's Tale: My Father Bleeds History,Art Spiegelman,Fiction,2022,2022,1,4.7,2438.0,2438.0,14.0,51,9,1,0,1,0,0,0
adult coloring books a coloring book for adults featuring mandalas and henna inspired flowers animals and paisley,coloring books for adults,"Adult Coloring Books: A Coloring Book for Adults Featuring Mandalas and Henna Inspired Flowers, Animals, and Paisley…",Coloring Books for Adults,Non Fiction,2015,2015,1,4.5,2426.0,2426.0,8.0,117,17,1,0,1,0,0,0
the 17 day diet a doctors plan designed for rapid results,mike moreno,The 17 Day Diet: A Doctor's Plan Designed for Rapid Results,Mike Moreno,Non Fiction,2011,2011,1,4.3,2314.0,2314.0,22.0,59,11,1,1,1,0,0,0
adult coloring book designs stress relief coloring book garden designs mandalas animals and paisley patterns,adult coloring book designs,"Adult Coloring Book Designs: Stress Relief Coloring Book: Garden Designs, Mandalas, Animals, and Paisley Patterns",Adult Coloring Book Designs,Non Fiction,2016,2016,1,4.5,2313.0,2313.0,4.0,113,15,1,0,1,0,0,0
towers of midnight wheel of time book thirteen,robert jordan,"Towers of Midnight (Wheel of Time, Book Thirteen)",Robert Jordan,Fiction,2010,2010,1,4.8,2282.0,2282.0,21.0,49,8,0,0,1,0,0,0
shred the revolutionary diet 6 weeks 4 inches 2 sizes,ian k smith md,Shred: The Revolutionary Diet: 6 Weeks 4 Inches 2 Sizes,Ian K. Smith M.D.,Non Fiction,2013,2013,1,4.1,2272.0,2272.0,6.0,55,10,1,1,1,0,0,0
the red pyramid the kane chronicles book 1,rick riordan,"The Red Pyramid (The Kane Chronicles, Book 1)",Rick Riordan,Fiction,2010,2010,1,4.6,2186.0,2186.0,12.0,45,8,0,1,1,0,0,0
decision points,george w bush,Decision Points,George W. Bush,Non Fiction,2010,2010,1,4.6,2137.0,2137.0,17.0,15,2,0,0,1,0,0,0
dover creative haven art nouveau animal designs coloring book creative haven coloring books,marty noble,Dover Creative Haven Art Nouveau Animal Designs Coloring Book (Creative Haven Coloring Books),Marty Noble,Non Fiction,2015,2015,1,4.6,2134.0,2134.0,5.0,93,13,0,0,1,0,0,0
the short second life of bree tanner an eclipse novella the twilight saga,stephenie meyer,The Short Second Life of Bree Tanner: An Eclipse Novella (The Twilight Saga),Stephenie Meyer,Fiction,2010,2010,1,4.6,2122.0,2122.0,0.0,76,13,1,0,1,0,0,0
dead reckoning sookie stackhousetrue blood book 11,charlaine harris,"Dead Reckoning (Sookie Stackhouse/True Blood, Book 11)",Charlaine Harris,Fiction,2011,2011,1,4.2,2094.0,2094.0,4.0,54,7,0,1,1,0,0,0
the serpents shadow the kane chronicles book 3,rick riordan,"The Serpent's Shadow (The Kane Chronicles, Book 3)",Rick Riordan,Fiction,2012,2012,1,4.8,2091.0,2091.0,12.0,50,8,0,1,1,0,0,0
112263 a novel,stephen king,11/22/63: A Novel,Stephen King,Fiction,2011,2011,1,4.6,2052.0,2052.0,22.0,17,3,1,1,1,0,0,0
the dukan diet 2 steps to lose the weight 2 steps to keep it off forever,pierre dukan,"The Dukan Diet: 2 Steps to Lose the Weight, 2 Steps to Keep It Off Forever",Pierre Dukan,Non Fiction,2011,2011,1,4.1,2023.0,2023.0,15.0,74,16,1,1,1,0,0,0
have a little faith a true story,mitch albom,Have a Little Faith: A True Story,Mitch Albom,Non Fiction,2009,2009,1,4.8,1930.0,1930.0,4.0,33,7,1,0,1,0,0,0
dead in the family sookie stackhousetrue blood book 10,charlaine harris,"Dead in the Family (Sookie Stackhouse/True Blood, Book 10)",Charlaine Harris,Fiction,2010,2010,1,4.3,1924.0,1924.0,8.0,58,9,0,1,1,0,0,0
balance angies extreme stress menders,angie grace,Balance (Angie's Extreme Stress Menders),Angie Grace,Non Fiction,2015,2015,1,4.6,1909.0,1909.0,11.0,40,5,0,0,1,0,0,0
switch how to change things when change is hard,chip heath,Switch: How to Change Things When Change Is Hard,Chip Heath,Non Fiction,2010,2010,1,4.6,1907.0,1907.0,13.0,48,9,1,0,1,0,0,0
thomas jefferson the art of power,jon meacham,Thomas Jefferson: The Art of Power,Jon Meacham,Non Fiction,2012,2012,1,4.5,1904.0,1904.0,23.0,34,6,1,0,1,0,0,0
little blue truck,alice schertle,Little Blue Truck,Alice Schertle,Fiction,2014,2014,1,4.9,1884.0,1884.0,0.0,17,3,0,0,1,0,0,0
what pet should i get classic seuss,dr seuss,What Pet Should I Get? (Classic Seuss),Dr. Seuss,Fiction,2015,2015,1,4.7,1873.0,1873.0,14.0,38,7,0,0,1,0,0,0
the elegance of the hedgehog,muriel barbery,The Elegance of the Hedgehog,Muriel Barbery,Fiction,2009,2009,1,4.0,1859.0,1859.0,11.0,28,5,0,0,1,0,0,0
option b facing adversity building resilience and finding joy,sheryl sandberg,"Option B: Facing Adversity, Building Resilience, and Finding Joy",Sheryl Sandberg,Non Fiction,2017,2017,1,4.5,1831.0,1831.0,9.0,64,9,1,0,1,0,0,0
the blood sugar solution the ultrahealthy program for losing weight preventing disease and feeling great now,mark hyman md,"The Blood Sugar Solution: The UltraHealthy Program for Losing Weight, Preventing Disease, and Feeling Great Now!",Mark Hyman M.D.,Non Fiction,2012,2012,1,4.2,1789.0,1789.0,14.0,112,16,1,0,1,0,0,0
principles for dealing with the changing world order why nations succeed and fail,ray dalio,Principles for Dealing with the Changing World Order: Why Nations Succeed and Fail,Ray Dalio,Non Fiction,2022,2022,1,4.5,1685.0,1685.0,21.0,82,13,1,0,1,0,0,0
the 5000 year leap,w cleon skousen,The 5000 Year Leap,W. Cleon Skousen,Non Fiction,2009,2009,1,4.8,1680.0,1680.0,12.0,18,4,0,1,1,0,0,0
the love dare,stephen kendrick,The Love Dare,Stephen Kendrick,Non Fiction,2009,2009,1,4.8,1655.0,1655.0,13.0,13,3,0,0,1,0,0,0
delivering happiness a path to profits passion and purpose,tony hsieh,"Delivering Happiness: A Path to Profits, Passion, and Purpose",Tony Hsieh,Non Fiction,2010,2010,1,4.6,1651.0,1651.0,15.0,61,9,1,0,1,0,0,0
love wins a book about heaven hell and the fate of every person who ever lived,rob bell,"Love Wins: A Book About Heaven, Hell, and the Fate of Every Person Who Ever Lived",Rob Bell,Non Fiction,2011,2011,1,4.2,1649.0,1649.0,13.0,81,16,1,0,1,0,0,0
going rogue an american life,sarah palin,Going Rogue: An American Life,Sarah Palin,Non Fiction,2009,2009,1,4.6,1636.0,1636.0,6.0,29,5,1,0,1,0,0,0
super freakonomics global cooling patriotic prostitutes and why suicide bombers should buy life insurance,steven d levitt,"Super Freakonomics: Global Cooling, Patriotic Prostitutes, and Why Suicide Bombers Should Buy Life Insurance",Steven D. Levitt,Non Fiction,2009,2009,1,4.5,1583.0,1583.0,18.0,108,14,1,0,1,0,0,0
food rules an eaters manual,michael pollan,Food Rules: An Eater's Manual,Michael Pollan,Non Fiction,2010,2010,1,4.4,1555.0,1555.0,9.0,29,5,1,0,1,0,0,0
dead and gone a sookie stackhouse novel sookie stackhousetrue blood,charlaine harris,Dead And Gone: A Sookie Stackhouse Novel (Sookie Stackhouse/True Blood),Charlaine Harris,Fiction,2009,2009,1,4.6,1541.0,1541.0,4.0,71,10,1,0,1,0,0,0
little bee a novel,chris cleave,Little Bee: A Novel,Chris Cleave,Fiction,2010,2010,1,4.1,1467.0,1467.0,10.0,19,4,1,0,1,0,0,0
the throne of fire the kane chronicles book 2,rick riordan,"The Throne of Fire (The Kane Chronicles, Book 2)",Rick Riordan,Fiction,2011,2011,1,4.7,1463.0,1463.0,10.0,48,9,0,1,1,0,0,0
make it ahead a barefoot contessa cookbook,ina garten,Make It Ahead: A Barefoot Contessa Cookbook,Ina Garten,Non Fiction,2014,2014,1,4.5,1386.0,1386.0,20.0,43,7,1,0,1,0,0,0
glenn becks common sense the case against an outofcontrol government inspired by thomas paine,glenn beck,"Glenn Beck's Common Sense: The Case Against an Out-of-Control Government, Inspired by Thomas Paine",Glenn Beck,Non Fiction,2009,2009,1,4.6,1365.0,1365.0,11.0,98,14,1,0,1,0,0,0
daring greatly how the courage to be vulnerable transforms the way we live love parent and lead,brene brown,"Daring Greatly: How the Courage to Be Vulnerable Transforms the Way We Live, Love, Parent, and Lead",Brené Brown,Non Fiction,2013,2013,1,4.8,1329.0,1329.0,10.0,99,17,1,0,1,0,0,0
i alex cross,james patterson,"I, Alex Cross",James Patterson,Fiction,2009,2009,1,4.6,1320.0,1320.0,7.0,13,3,0,0,1,0,0,0
women food and god an unexpected path to almost everything,geneen roth,Women Food and God: An Unexpected Path to Almost Everything,Geneen Roth,Non Fiction,2010,2010,1,4.2,1302.0,1302.0,11.0,59,10,1,0,1,0,0,0
barefoot contessa foolproof recipes you can trust a cookbook,ina garten,Barefoot Contessa Foolproof: Recipes You Can Trust: A Cookbook,Ina Garten,Non Fiction,2012,2012,1,4.8,1296.0,1296.0,24.0,62,9,1,0,1,0,0,0
sht my dad says,justin halpern,Sh*t My Dad Says,Justin Halpern,Non Fiction,2010,2010,1,4.7,1265.0,1265.0,11.0,16,4,0,0,1,0,0,0
game change obama and the clintons mccain and palin and the race of a lifetime,john heilemann,"Game Change: Obama and the Clintons, McCain and Palin, and the Race of a Lifetime",John Heilemann,Non Fiction,2010,2010,1,4.4,1215.0,1215.0,9.0,81,15,1,0,1,0,0,0
life force how new breakthroughs in precision medicine can transform the quality of your life those you love,tony robbins,Life Force: How New Breakthroughs in Precision Medicine Can Transform the Quality of Your Life & Those You Love,Tony Robbins,Non Fiction,2022,2022,1,4.5,1213.0,1213.0,20.0,111,19,1,0,1,0,0,0
the road to serfdom text and documentsthe definitive edition the collected works of f a hayek volume 2,f a hayek,"The Road to Serfdom: Text and Documents--The Definitive Edition (The Collected Works of F. A. Hayek, Volume 2)",F. A. Hayek,Non Fiction,2010,2010,1,4.6,1204.0,1204.0,14.0,110,18,1,1,1,0,0,0
journey to the ice p,rh disney,JOURNEY TO THE ICE P,RH Disney,Fiction,2014,2014,1,4.6,978.0,978.0,0.0,20,5,0,0,1,0,0,0
sookie stackhouse,charlaine harris,Sookie Stackhouse,Charlaine Harris,Fiction,2009,2009,1,4.7,973.0,973.0,25.0,17,2,0,0,1,0,0,0
eat this not that thousands of simple food swaps that can save you 10 20 30 poundsor more,david zinczenko,"Eat This, Not That! Thousands of Simple Food Swaps that Can Save You 10, 20, 30 Pounds--or More!",David Zinczenko,Non Fiction,2009,2009,1,4.3,956.0,956.0,14.0,96,18,0,1,1,0,0,0
the book of basketball the nba according to the sports guy,bill simmons,The Book of Basketball: The NBA According to The Sports Guy,Bill Simmons,Non Fiction,2009,2009,1,4.7,858.0,858.0,53.0,59,11,1,0,1,0,0,0
the official sat study guide 2016 edition official study guide for the new sat,the college board,"The Official SAT Study Guide, 2016 Edition (Official Study Guide for the New Sat)",The College Board,Non Fiction,2016,2016,1,4.3,807.0,807.0,36.0,81,14,0,1,1,0,0,0
the five love languages how to express heartfelt commitment to your mate,gary chapman,The Five Love Languages: How to Express Heartfelt Commitment to Your Mate,Gary Chapman,Non Fiction,2009,2009,1,4.6,803.0,803.0,9.0,73,12,1,0,1,0,0,0
arguing with idiots how to stop small minds and big government,glenn beck,Arguing with Idiots: How to Stop Small Minds and Big Government,Glenn Beck,Non Fiction,2009,2009,1,4.6,798.0,798.0,5.0,63,11,1,0,1,0,0,0
eat this not that supermarket survival guide the nodiet weight loss solution,david zinczenko,Eat This Not That! Supermarket Survival Guide: The No-Diet Weight Loss Solution,David Zinczenko,Non Fiction,2009,2009,1,4.5,720.0,720.0,1.0,79,12,1,0,1,0,0,0
barefoot contessa how easy is that fabulous recipes easy tips,ina garten,"Barefoot Contessa, How Easy Is That?: Fabulous Recipes & Easy Tips",Ina Garten,Non Fiction,2010,2010,1,4.7,615.0,615.0,21.0,66,11,1,0,1,0,0,0
percy jackson and the olympians paperback boxed set books 13,rick riordan,Percy Jackson and the Olympians Paperback Boxed Set (Books 1-3),Rick Riordan,Fiction,2010,2010,1,4.8,548.0,548.0,2.0,63,10,0,1,1,0,0,0
autobiography of mark twain vol 1,mark twain,"Autobiography of Mark Twain, Vol. 1",Mark Twain,Non Fiction,2010,2010,1,4.2,491.0,491.0,14.0,35,6,0,1,1,0,0,0
broke the plan to restore our trust truth and treasure,glenn beck,"Broke: The Plan to Restore Our Trust, Truth and Treasure",Glenn Beck,Non Fiction,2010,2010,1,4.5,471.0,471.0,8.0,56,10,1,0,1,0,0,0
a patriots history of the united states from columbuss great discovery to the war on terror,larry schweikart,A Patriot's History of the United States: From Columbus's Great Discovery to the War on Terror,Larry Schweikart,Non Fiction,2010,2010,1,4.6,460.0,460.0,2.0,94,16,1,0,1,0,0,0
the daily show with jon stewart presents earth the book a visitors guide to the human race,jon stewart,The Daily Show with Jon Stewart Presents Earth (The Book): A Visitor's Guide to the Human Race,Jon Stewart,Non Fiction,2010,2010,1,4.4,440.0,440.0,11.0,94,17,1,0,1,0,0,0
true compass a memoir,edward m kennedy,True Compass: A Memoir,Edward M. Kennedy,Non Fiction,2009,2009,1,4.5,438.0,438.0,15.0,22,4,1,0,1,0,0,0
george washingtons sacred fire,peter a lillback,George Washington's Sacred Fire,Peter A. Lillback,Non Fiction,2010,2010,1,4.5,408.0,408.0,20.0,31,4,0,0,1,0,0,0
soul healing miracles ancient and new sacred wisdom knowledge and practical techniques for healing the spiritual,zhi gang sha,"Soul Healing Miracles: Ancient and New Sacred Wisdom, Knowledge, and Practical Techniques for Healing the Spiritual…",Zhi Gang Sha,Non Fiction,2013,2013,1,4.6,220.0,220.0,17.0,116,16,1,0,1,0,0,0
the whole body reset your weightloss plan for a flat belly optimum health a body youll love at midlife and beyond,stephen perrine,"The Whole Body Reset: Your Weight-Loss Plan for a Flat Belly, Optimum Health & a Body You'll Love at Midlife and Beyond",Stephen Perrine,Non Fiction,2022,2022,1,4.2,206.0,206.0,20.0,119,22,1,0,1,0,0,0
divine soul mind body healing and transmission system the divine way to heal you humanity mother earth and all,zhi gang sha,"Divine Soul Mind Body Healing and Transmission System: The Divine Way to Heal You, Humanity, Mother Earth, and All…",Zhi Gang Sha,Non Fiction,2009,2009,1,4.6,37.0,37.0,6.0,115,19,1,0,1,0,0,0
